date,year,month_number,month_name,quarter,day_number,day_name,week_number
2021-01-01,2021,1,January,1,1,Friday,53
2021-01-02,2021,1,January,1,2,Saturday,53
2021-01-03,2021,1,January,1,3,Sunday,53
2021-01-04,2021,1,January,1,4,Monday,1
2021-01-05,2021,1,January,1,5,Tuesday,1
2021-01-06,2021,1,January,1,6,Wednesday,1
2021-01-07,2021,1,January,1,7,Thursday,1
2021-01-08,2021,1,January,1,8,Friday,1
2021-01-09,2021,1,January,1,9,Saturday,1
2021-01-10,2021,1,January,1,10,Sunday,1
2021-01-11,2021,1,January,1,11,Monday,2
2021-01-12,2021,1,January,1,12,Tuesday,2
2021-01-13,2021,1,January,1,13,Wednesday,2
2021-01-14,2021,1,January,1,14,Thursday,2
2021-01-15,2021,1,January,1,15,Friday,2
2021-01-16,2021,1,January,1,16,Saturday,2
2021-01-17,2021,1,January,1,17,Sunday,2
2021-01-18,2021,1,January,1,18,Monday,3
2021-01-19,2021,1,January,1,19,Tuesday,3
2021-01-20,2021,1,January,1,20,Wednesday,3
2021-01-21,2021,1,January,1,21,Thursday,3
2021-01-22,2021,1,January,1,22,Friday,3
2021-01-23,2021,1,January,1,23,Saturday,3
2021-01-24,2021,1,January,1,24,Sunday,3
2021-01-25,2021,1,January,1,25,Monday,4
2021-01-26,2021,1,January,1,26,Tuesday,4
2021-01-27,2021,1,January,1,27,Wednesday,4
2021-01-28,2021,1,January,1,28,Thursday,4
2021-01-29,2021,1,January,1,29,Friday,4
2021-01-30,2021,1,January,1,30,Saturday,4
2021-01-31,2021,1,January,1,31,Sunday,4
2021-02-01,2021,2,February,1,1,Monday,5
2021-02-02,2021,2,February,1,2,Tuesday,5
2021-02-03,2021,2,February,1,3,Wednesday,5
2021-02-04,2021,2,February,1,4,Thursday,5
2021-02-05,2021,2,February,1,5,Friday,5
2021-02-06,2021,2,February,1,6,Saturday,5
2021-02-07,2021,2,February,1,7,Sunday,5
2021-02-08,2021,2,February,1,8,Monday,6
2021-02-09,2021,2,February,1,9,Tuesday,6
2021-02-10,2021,2,February,1,10,Wednesday,6
2021-02-11,2021,2,February,1,11,Thursday,6
2021-02-12,2021,2,February,1,12,Friday,6
2021-02-13,2021,2,February,1,13,Saturday,6
2021-02-14,2021,2,February,1,14,Sunday,6
2021-02-15,2021,2,February,1,15,Monday,7
2021-02-16,2021,2,February,1,16,Tuesday,7
2021-02-17,2021,2,February,1,17,Wednesday,7
2021-02-18,2021,2,February,1,18,Thursday,7
2021-02-19,2021,2,February,1,19,Friday,7
2021-02-20,2021,2,February,1,20,Saturday,7
2021-02-21,2021,2,February,1,21,Sunday,7
2021-02-22,2021,2,February,1,22,Monday,8
2021-02-23,2021,2,February,1,23,Tuesday,8
2021-02-24,2021,2,February,1,24,Wednesday,8
2021-02-25,2021,2,February,1,25,Thursday,8
2021-02-26,2021,2,February,1,26,Friday,8
2021-02-27,2021,2,February,1,27,Saturday,8
2021-02-28,2021,2,February,1,28,Sunday,8
2021-03-01,2021,3,March,1,1,Monday,9
2021-03-02,2021,3,March,1,2,Tuesday,9
2021-03-03,2021,3,March,1,3,Wednesday,9
2021-03-04,2021,3,March,1,4,Thursday,9
2021-03-05,2021,3,March,1,5,Friday,9
2021-03-06,2021,3,March,1,6,Saturday,9
2021-03-07,2021,3,March,1,7,Sunday,9
2021-03-08,2021,3,March,1,8,Monday,10
2021-03-09,2021,3,March,1,9,Tuesday,10
2021-03-10,2021,3,March,1,10,Wednesday,10
2021-03-11,2021,3,March,1,11,Thursday,10
2021-03-12,2021,3,March,1,12,Friday,10
2021-03-13,2021,3,March,1,13,Saturday,10
2021-03-14,2021,3,March,1,14,Sunday,10
2021-03-15,2021,3,March,1,15,Monday,11
2021-03-16,2021,3,March,1,16,Tuesday,11
2021-03-17,2021,3,March,1,17,Wednesday,11
2021-03-18,2021,3,March,1,18,Thursday,11
2021-03-19,2021,3,March,1,19,Friday,11
2021-03-20,2021,3,March,1,20,Saturday,11
2021-03-21,2021,3,March,1,21,Sunday,11
2021-03-22,2021,3,March,1,22,Monday,12
2021-03-23,2021,3,March,1,23,Tuesday,12
2021-03-24,2021,3,March,1,24,Wednesday,12
2021-03-25,2021,3,March,1,25,Thursday,12
2021-03-26,2021,3,March,1,26,Friday,12
2021-03-27,2021,3,March,1,27,Saturday,12
2021-03-28,2021,3,March,1,28,Sunday,12
2021-03-29,2021,3,March,1,29,Monday,13
2021-03-30,2021,3,March,1,30,Tuesday,13
2021-03-31,2021,3,March,1,31,Wednesday,13
2021-04-01,2021,4,April,2,1,Thursday,13
2021-04-02,2021,4,April,2,2,Friday,13
2021-04-03,2021,4,April,2,3,Saturday,13
2021-04-04,2021,4,April,2,4,Sunday,13
2021-04-05,2021,4,April,2,5,Monday,14
2021-04-06,2021,4,April,2,6,Tuesday,14
2021-04-07,2021,4,April,2,7,Wednesday,14
2021-04-08,2021,4,April,2,8,Thursday,14
2021-04-09,2021,4,April,2,9,Friday,14
2021-04-10,2021,4,April,2,10,Saturday,14
2021-04-11,2021,4,April,2,11,Sunday,14
2021-04-12,2021,4,April,2,12,Monday,15
2021-04-13,2021,4,April,2,13,Tuesday,15
2021-04-14,2021,4,April,2,14,Wednesday,15
2021-04-15,2021,4,April,2,15,Thursday,15
2021-04-16,2021,4,April,2,16,Friday,15
2021-04-17,2021,4,April,2,17,Saturday,15
2021-04-18,2021,4,April,2,18,Sunday,15
2021-04-19,2021,4,April,2,19,Monday,16
2021-04-20,2021,4,April,2,20,Tuesday,16
2021-04-21,2021,4,April,2,21,Wednesday,16
2021-04-22,2021,4,April,2,22,Thursday,16
2021-04-23,2021,4,April,2,23,Friday,16
2021-04-24,2021,4,April,2,24,Saturday,16
2021-04-25,2021,4,April,2,25,Sunday,16
2021-04-26,2021,4,April,2,26,Monday,17
2021-04-27,2021,4,April,2,27,Tuesday,17
2021-04-28,2021,4,April,2,28,Wednesday,17
2021-04-29,2021,4,April,2,29,Thursday,17
2021-04-30,2021,4,April,2,30,Friday,17
2021-05-01,2021,5,May,2,1,Saturday,17
2021-05-02,2021,5,May,2,2,Sunday,17
2021-05-03,2021,5,May,2,3,Monday,18
2021-05-04,2021,5,May,2,4,Tuesday,18
2021-05-05,2021,5,May,2,5,Wednesday,18
2021-05-06,2021,5,May,2,6,Thursday,18
2021-05-07,2021,5,May,2,7,Friday,18
2021-05-08,2021,5,May,2,8,Saturday,18
2021-05-09,2021,5,May,2,9,Sunday,18
2021-05-10,2021,5,May,2,10,Monday,19
2021-05-11,2021,5,May,2,11,Tuesday,19
2021-05-12,2021,5,May,2,12,Wednesday,19
2021-05-13,2021,5,May,2,13,Thursday,19
2021-05-14,2021,5,May,2,14,Friday,19
2021-05-15,2021,5,May,2,15,Saturday,19
2021-05-16,2021,5,May,2,16,Sunday,19
2021-05-17,2021,5,May,2,17,Monday,20
2021-05-18,2021,5,May,2,18,Tuesday,20
2021-05-19,2021,5,May,2,19,Wednesday,20
2021-05-20,2021,5,May,2,20,Thursday,20
2021-05-21,2021,5,May,2,21,Friday,20
2021-05-22,2021,5,May,2,22,Saturday,20
2021-05-23,2021,5,May,2,23,Sunday,20
2021-05-24,2021,5,May,2,24,Monday,21
2021-05-25,2021,5,May,2,25,Tuesday,21
2021-05-26,2021,5,May,2,26,Wednesday,21
2021-05-27,2021,5,May,2,27,Thursday,21
2021-05-28,2021,5,May,2,28,Friday,21
2021-05-29,2021,5,May,2,29,Saturday,21
2021-05-30,2021,5,May,2,30,Sunday,21
2021-05-31,2021,5,May,2,31,Monday,22
2021-06-01,2021,6,June,2,1,Tuesday,22
2021-06-02,2021,6,June,2,2,Wednesday,22
2021-06-03,2021,6,June,2,3,Thursday,22
2021-06-04,2021,6,June,2,4,Friday,22
2021-06-05,2021,6,June,2,5,Saturday,22
2021-06-06,2021,6,June,2,6,Sunday,22
2021-06-07,2021,6,June,2,7,Monday,23
2021-06-08,2021,6,June,2,8,Tuesday,23
2021-06-09,2021,6,June,2,9,Wednesday,23
2021-06-10,2021,6,June,2,10,Thursday,23
2021-06-11,2021,6,June,2,11,Friday,23
2021-06-12,2021,6,June,2,12,Saturday,23
2021-06-13,2021,6,June,2,13,Sunday,23
2021-06-14,2021,6,June,2,14,Monday,24
2021-06-15,2021,6,June,2,15,Tuesday,24
2021-06-16,2021,6,June,2,16,Wednesday,24
2021-06-17,2021,6,June,2,17,Thursday,24
2021-06-18,2021,6,June,2,18,Friday,24
2021-06-19,2021,6,June,2,19,Saturday,24
2021-06-20,2021,6,June,2,20,Sunday,24
2021-06-21,2021,6,June,2,21,Monday,25
2021-06-22,2021,6,June,2,22,Tuesday,25
2021-06-23,2021,6,June,2,23,Wednesday,25
2021-06-24,2021,6,June,2,24,Thursday,25
2021-06-25,2021,6,June,2,25,Friday,25
2021-06-26,2021,6,June,2,26,Saturday,25
2021-06-27,2021,6,June,2,27,Sunday,25
2021-06-28,2021,6,June,2,28,Monday,26
2021-06-29,2021,6,June,2,29,Tuesday,26
2021-06-30,2021,6,June,2,30,Wednesday,26
2021-07-01,2021,7,July,3,1,Thursday,26
2021-07-02,2021,7,July,3,2,Friday,26
2021-07-03,2021,7,July,3,3,Saturday,26
2021-07-04,2021,7,July,3,4,Sunday,26
2021-07-05,2021,7,July,3,5,Monday,27
2021-07-06,2021,7,July,3,6,Tuesday,27
2021-07-07,2021,7,July,3,7,Wednesday,27
2021-07-08,2021,7,July,3,8,Thursday,27
2021-07-09,2021,7,July,3,9,Friday,27
2021-07-10,2021,7,July,3,10,Saturday,27
2021-07-11,2021,7,July,3,11,Sunday,27
2021-07-12,2021,7,July,3,12,Monday,28
2021-07-13,2021,7,July,3,13,Tuesday,28
2021-07-14,2021,7,July,3,14,Wednesday,28
2021-07-15,2021,7,July,3,15,Thursday,28
2021-07-16,2021,7,July,3,16,Friday,28
2021-07-17,2021,7,July,3,17,Saturday,28
2021-07-18,2021,7,July,3,18,Sunday,28
2021-07-19,2021,7,July,3,19,Monday,29
2021-07-20,2021,7,July,3,20,Tuesday,29
2021-07-21,2021,7,July,3,21,Wednesday,29
2021-07-22,2021,7,July,3,22,Thursday,29
2021-07-23,2021,7,July,3,23,Friday,29
2021-07-24,2021,7,July,3,24,Saturday,29
2021-07-25,2021,7,July,3,25,Sunday,29
2021-07-26,2021,7,July,3,26,Monday,30
2021-07-27,2021,7,July,3,27,Tuesday,30
2021-07-28,2021,7,July,3,28,Wednesday,30
2021-07-29,2021,7,July,3,29,Thursday,30
2021-07-30,2021,7,July,3,30,Friday,30
2021-07-31,2021,7,July,3,31,Saturday,30
2021-08-01,2021,8,August,3,1,Sunday,30
2021-08-02,2021,8,August,3,2,Monday,31
2021-08-03,2021,8,August,3,3,Tuesday,31
2021-08-04,2021,8,August,3,4,Wednesday,31
2021-08-05,2021,8,August,3,5,Thursday,31
2021-08-06,2021,8,August,3,6,Friday,31
2021-08-07,2021,8,August,3,7,Saturday,31
2021-08-08,2021,8,August,3,8,Sunday,31
2021-08-09,2021,8,August,3,9,Monday,32
2021-08-10,2021,8,August,3,10,Tuesday,32
2021-08-11,2021,8,August,3,11,Wednesday,32
2021-08-12,2021,8,August,3,12,Thursday,32
2021-08-13,2021,8,August,3,13,Friday,32
2021-08-14,2021,8,August,3,14,Saturday,32
2021-08-15,2021,8,August,3,15,Sunday,32
2021-08-16,2021,8,August,3,16,Monday,33
2021-08-17,2021,8,August,3,17,Tuesday,33
2021-08-18,2021,8,August,3,18,Wednesday,33
2021-08-19,2021,8,August,3,19,Thursday,33
2021-08-20,2021,8,August,3,20,Friday,33
2021-08-21,2021,8,August,3,21,Saturday,33
2021-08-22,2021,8,August,3,22,Sunday,33
2021-08-23,2021,8,August,3,23,Monday,34
2021-08-24,2021,8,August,3,24,Tuesday,34
2021-08-25,2021,8,August,3,25,Wednesday,34
2021-08-26,2021,8,August,3,26,Thursday,34
2021-08-27,2021,8,August,3,27,Friday,34
2021-08-28,2021,8,August,3,28,Saturday,34
2021-08-29,2021,8,August,3,29,Sunday,34
2021-08-30,2021,8,August,3,30,Monday,35
2021-08-31,2021,8,August,3,31,Tuesday,35
2021-09-01,2021,9,September,3,1,Wednesday,35
2021-09-02,2021,9,September,3,2,Thursday,35
2021-09-03,2021,9,September,3,3,Friday,35
2021-09-04,2021,9,September,3,4,Saturday,35
2021-09-05,2021,9,September,3,5,Sunday,35
2021-09-06,2021,9,September,3,6,Monday,36
2021-09-07,2021,9,September,3,7,Tuesday,36
2021-09-08,2021,9,September,3,8,Wednesday,36
2021-09-09,2021,9,September,3,9,Thursday,36
2021-09-10,2021,9,September,3,10,Friday,36
2021-09-11,2021,9,September,3,11,Saturday,36
2021-09-12,2021,9,September,3,12,Sunday,36
2021-09-13,2021,9,September,3,13,Monday,37
2021-09-14,2021,9,September,3,14,Tuesday,37
2021-09-15,2021,9,September,3,15,Wednesday,37
2021-09-16,2021,9,September,3,16,Thursday,37
2021-09-17,2021,9,September,3,17,Friday,37
2021-09-18,2021,9,September,3,18,Saturday,37
2021-09-19,2021,9,September,3,19,Sunday,37
2021-09-20,2021,9,September,3,20,Monday,38
2021-09-21,2021,9,September,3,21,Tuesday,38
2021-09-22,2021,9,September,3,22,Wednesday,38
2021-09-23,2021,9,September,3,23,Thursday,38
2021-09-24,2021,9,September,3,24,Friday,38
2021-09-25,2021,9,September,3,25,Saturday,38
2021-09-26,2021,9,September,3,26,Sunday,38
2021-09-27,2021,9,September,3,27,Monday,39
2021-09-28,2021,9,September,3,28,Tuesday,39
2021-09-29,2021,9,September,3,29,Wednesday,39
2021-09-30,2021,9,September,3,30,Thursday,39
2021-10-01,2021,10,October,4,1,Friday,39
2021-10-02,2021,10,October,4,2,Saturday,39
2021-10-03,2021,10,October,4,3,Sunday,39
2021-10-04,2021,10,October,4,4,Monday,40
2021-10-05,2021,10,October,4,5,Tuesday,40
2021-10-06,2021,10,October,4,6,Wednesday,40
2021-10-07,2021,10,October,4,7,Thursday,40
2021-10-08,2021,10,October,4,8,Friday,40
2021-10-09,2021,10,October,4,9,Saturday,40
2021-10-10,2021,10,October,4,10,Sunday,40
2021-10-11,2021,10,October,4,11,Monday,41
2021-10-12,2021,10,October,4,12,Tuesday,41
2021-10-13,2021,10,October,4,13,Wednesday,41
2021-10-14,2021,10,October,4,14,Thursday,41
2021-10-15,2021,10,October,4,15,Friday,41
2021-10-16,2021,10,October,4,16,Saturday,41
2021-10-17,2021,10,October,4,17,Sunday,41
2021-10-18,2021,10,October,4,18,Monday,42
2021-10-19,2021,10,October,4,19,Tuesday,42
2021-10-20,2021,10,October,4,20,Wednesday,42
2021-10-21,2021,10,October,4,21,Thursday,42
2021-10-22,2021,10,October,4,22,Friday,42
2021-10-23,2021,10,October,4,23,Saturday,42
2021-10-24,2021,10,October,4,24,Sunday,42
2021-10-25,2021,10,October,4,25,Monday,43
2021-10-26,2021,10,October,4,26,Tuesday,43
2021-10-27,2021,10,October,4,27,Wednesday,43
2021-10-28,2021,10,October,4,28,Thursday,43
2021-10-29,2021,10,October,4,29,Friday,43
2021-10-30,2021,10,October,4,30,Saturday,43
2021-10-31,2021,10,October,4,31,Sunday,43
2021-11-01,2021,11,November,4,1,Monday,44
2021-11-02,2021,11,November,4,2,Tuesday,44
2021-11-03,2021,11,November,4,3,Wednesday,44
2021-11-04,2021,11,November,4,4,Thursday,44
2021-11-05,2021,11,November,4,5,Friday,44
2021-11-06,2021,11,November,4,6,Saturday,44
2021-11-07,2021,11,November,4,7,Sunday,44
2021-11-08,2021,11,November,4,8,Monday,45
2021-11-09,2021,11,November,4,9,Tuesday,45
2021-11-10,2021,11,November,4,10,Wednesday,45
2021-11-11,2021,11,November,4,11,Thursday,45
2021-11-12,2021,11,November,4,12,Friday,45
2021-11-13,2021,11,November,4,13,Saturday,45
2021-11-14,2021,11,November,4,14,Sunday,45
2021-11-15,2021,11,November,4,15,Monday,46
2021-11-16,2021,11,November,4,16,Tuesday,46
2021-11-17,2021,11,November,4,17,Wednesday,46
2021-11-18,2021,11,November,4,18,Thursday,46
2021-11-19,2021,11,November,4,19,Friday,46
2021-11-20,2021,11,November,4,20,Saturday,46
2021-11-21,2021,11,November,4,21,Sunday,46
2021-11-22,2021,11,November,4,22,Monday,47
2021-11-23,2021,11,November,4,23,Tuesday,47
2021-11-24,2021,11,November,4,24,Wednesday,47
2021-11-25,2021,11,November,4,25,Thursday,47
2021-11-26,2021,11,November,4,26,Friday,47
2021-11-27,2021,11,November,4,27,Saturday,47
2021-11-28,2021,11,November,4,28,Sunday,47
2021-11-29,2021,11,November,4,29,Monday,48
2021-11-30,2021,11,November,4,30,Tuesday,48
2021-12-01,2021,12,December,4,1,Wednesday,48
2021-12-02,2021,12,December,4,2,Thursday,48
2021-12-03,2021,12,December,4,3,Friday,48
2021-12-04,2021,12,December,4,4,Saturday,48
2021-12-05,2021,12,December,4,5,Sunday,48
2021-12-06,2021,12,December,4,6,Monday,49
2021-12-07,2021,12,December,4,7,Tuesday,49
2021-12-08,2021,12,December,4,8,Wednesday,49
2021-12-09,2021,12,December,4,9,Thursday,49
2021-12-10,2021,12,December,4,10,Friday,49
2021-12-11,2021,12,December,4,11,Saturday,49
2021-12-12,2021,12,December,4,12,Sunday,49
2021-12-13,2021,12,December,4,13,Monday,50
2021-12-14,2021,12,December,4,14,Tuesday,50
2021-12-15,2021,12,December,4,15,Wednesday,50
2021-12-16,2021,12,December,4,16,Thursday,50
2021-12-17,2021,12,December,4,17,Friday,50
2021-12-18,2021,12,December,4,18,Saturday,50
2021-12-19,2021,12,December,4,19,Sunday,50
2021-12-20,2021,12,December,4,20,Monday,51
2021-12-21,2021,12,December,4,21,Tuesday,51
2021-12-22,2021,12,December,4,22,Wednesday,51
2021-12-23,2021,12,December,4,23,Thursday,51
2021-12-24,2021,12,December,4,24,Friday,51
2021-12-25,2021,12,December,4,25,Saturday,51
2021-12-26,2021,12,December,4,26,Sunday,51
2021-12-27,2021,12,December,4,27,Monday,52
2021-12-28,2021,12,December,4,28,Tuesday,52
2021-12-29,2021,12,December,4,29,Wednesday,52
2021-12-30,2021,12,December,4,30,Thursday,52
2021-12-31,2021,12,December,4,31,Friday,52
2022-01-01,2022,1,January,1,1,Saturday,52
2022-01-02,2022,1,January,1,2,Sunday,52
2022-01-03,2022,1,January,1,3,Monday,1
2022-01-04,2022,1,January,1,4,Tuesday,1
2022-01-05,2022,1,January,1,5,Wednesday,1
2022-01-06,2022,1,January,1,6,Thursday,1
2022-01-07,2022,1,January,1,7,Friday,1
2022-01-08,2022,1,January,1,8,Saturday,1
2022-01-09,2022,1,January,1,9,Sunday,1
2022-01-10,2022,1,January,1,10,Monday,2
2022-01-11,2022,1,January,1,11,Tuesday,2
2022-01-12,2022,1,January,1,12,Wednesday,2
2022-01-13,2022,1,January,1,13,Thursday,2
2022-01-14,2022,1,January,1,14,Friday,2
2022-01-15,2022,1,January,1,15,Saturday,2
2022-01-16,2022,1,January,1,16,Sunday,2
2022-01-17,2022,1,January,1,17,Monday,3
2022-01-18,2022,1,January,1,18,Tuesday,3
2022-01-19,2022,1,January,1,19,Wednesday,3
2022-01-20,2022,1,January,1,20,Thursday,3
2022-01-21,2022,1,January,1,21,Friday,3
2022-01-22,2022,1,January,1,22,Saturday,3
2022-01-23,2022,1,January,1,23,Sunday,3
2022-01-24,2022,1,January,1,24,Monday,4
2022-01-25,2022,1,January,1,25,Tuesday,4
2022-01-26,2022,1,January,1,26,Wednesday,4
2022-01-27,2022,1,January,1,27,Thursday,4
2022-01-28,2022,1,January,1,28,Friday,4
2022-01-29,2022,1,January,1,29,Saturday,4
2022-01-30,2022,1,January,1,30,Sunday,4
2022-01-31,2022,1,January,1,31,Monday,5
2022-02-01,2022,2,February,1,1,Tuesday,5
2022-02-02,2022,2,February,1,2,Wednesday,5
2022-02-03,2022,2,February,1,3,Thursday,5
2022-02-04,2022,2,February,1,4,Friday,5
2022-02-05,2022,2,February,1,5,Saturday,5
2022-02-06,2022,2,February,1,6,Sunday,5
2022-02-07,2022,2,February,1,7,Monday,6
2022-02-08,2022,2,February,1,8,Tuesday,6
2022-02-09,2022,2,February,1,9,Wednesday,6
2022-02-10,2022,2,February,1,10,Thursday,6
2022-02-11,2022,2,February,1,11,Friday,6
2022-02-12,2022,2,February,1,12,Saturday,6
2022-02-13,2022,2,February,1,13,Sunday,6
2022-02-14,2022,2,February,1,14,Monday,7
2022-02-15,2022,2,February,1,15,Tuesday,7
2022-02-16,2022,2,February,1,16,Wednesday,7
2022-02-17,2022,2,February,1,17,Thursday,7
2022-02-18,2022,2,February,1,18,Friday,7
2022-02-19,2022,2,February,1,19,Saturday,7
2022-02-20,2022,2,February,1,20,Sunday,7
2022-02-21,2022,2,February,1,21,Monday,8
2022-02-22,2022,2,February,1,22,Tuesday,8
2022-02-23,2022,2,February,1,23,Wednesday,8
2022-02-24,2022,2,February,1,24,Thursday,8
2022-02-25,2022,2,February,1,25,Friday,8
2022-02-26,2022,2,February,1,26,Saturday,8
2022-02-27,2022,2,February,1,27,Sunday,8
2022-02-28,2022,2,February,1,28,Monday,9
2022-03-01,2022,3,March,1,1,Tuesday,9
2022-03-02,2022,3,March,1,2,Wednesday,9
2022-03-03,2022,3,March,1,3,Thursday,9
2022-03-04,2022,3,March,1,4,Friday,9
2022-03-05,2022,3,March,1,5,Saturday,9
2022-03-06,2022,3,March,1,6,Sunday,9
2022-03-07,2022,3,March,1,7,Monday,10
2022-03-08,2022,3,March,1,8,Tuesday,10
2022-03-09,2022,3,March,1,9,Wednesday,10
2022-03-10,2022,3,March,1,10,Thursday,10
2022-03-11,2022,3,March,1,11,Friday,10
2022-03-12,2022,3,March,1,12,Saturday,10
2022-03-13,2022,3,March,1,13,Sunday,10
2022-03-14,2022,3,March,1,14,Monday,11
2022-03-15,2022,3,March,1,15,Tuesday,11
2022-03-16,2022,3,March,1,16,Wednesday,11
2022-03-17,2022,3,March,1,17,Thursday,11
2022-03-18,2022,3,March,1,18,Friday,11
2022-03-19,2022,3,March,1,19,Saturday,11
2022-03-20,2022,3,March,1,20,Sunday,11
2022-03-21,2022,3,March,1,21,Monday,12
2022-03-22,2022,3,March,1,22,Tuesday,12
2022-03-23,2022,3,March,1,23,Wednesday,12
2022-03-24,2022,3,March,1,24,Thursday,12
2022-03-25,2022,3,March,1,25,Friday,12
2022-03-26,2022,3,March,1,26,Saturday,12
2022-03-27,2022,3,March,1,27,Sunday,12
2022-03-28,2022,3,March,1,28,Monday,13
2022-03-29,2022,3,March,1,29,Tuesday,13
2022-03-30,2022,3,March,1,30,Wednesday,13
2022-03-31,2022,3,March,1,31,Thursday,13
2022-04-01,2022,4,April,2,1,Friday,13
2022-04-02,2022,4,April,2,2,Saturday,13
2022-04-03,2022,4,April,2,3,Sunday,13
2022-04-04,2022,4,April,2,4,Monday,14
2022-04-05,2022,4,April,2,5,Tuesday,14
2022-04-06,2022,4,April,2,6,Wednesday,14
2022-04-07,2022,4,April,2,7,Thursday,14
2022-04-08,2022,4,April,2,8,Friday,14
2022-04-09,2022,4,April,2,9,Saturday,14
2022-04-10,2022,4,April,2,10,Sunday,14
2022-04-11,2022,4,April,2,11,Monday,15
2022-04-12,2022,4,April,2,12,Tuesday,15
2022-04-13,2022,4,April,2,13,Wednesday,15
2022-04-14,2022,4,April,2,14,Thursday,15
2022-04-15,2022,4,April,2,15,Friday,15
2022-04-16,2022,4,April,2,16,Saturday,15
2022-04-17,2022,4,April,2,17,Sunday,15
2022-04-18,2022,4,April,2,18,Monday,16
2022-04-19,2022,4,April,2,19,Tuesday,16
2022-04-20,2022,4,April,2,20,Wednesday,16
2022-04-21,2022,4,April,2,21,Thursday,16
2022-04-22,2022,4,April,2,22,Friday,16
2022-04-23,2022,4,April,2,23,Saturday,16
2022-04-24,2022,4,April,2,24,Sunday,16
2022-04-25,2022,4,April,2,25,Monday,17
2022-04-26,2022,4,April,2,26,Tuesday,17
2022-04-27,2022,4,April,2,27,Wednesday,17
2022-04-28,2022,4,April,2,28,Thursday,17
2022-04-29,2022,4,April,2,29,Friday,17
2022-04-30,2022,4,April,2,30,Saturday,17
2022-05-01,2022,5,May,2,1,Sunday,17
2022-05-02,2022,5,May,2,2,Monday,18
2022-05-03,2022,5,May,2,3,Tuesday,18
2022-05-04,2022,5,May,2,4,Wednesday,18
2022-05-05,2022,5,May,2,5,Thursday,18
2022-05-06,2022,5,May,2,6,Friday,18
2022-05-07,2022,5,May,2,7,Saturday,18
2022-05-08,2022,5,May,2,8,Sunday,18
2022-05-09,2022,5,May,2,9,Monday,19
2022-05-10,2022,5,May,2,10,Tuesday,19
2022-05-11,2022,5,May,2,11,Wednesday,19
2022-05-12,2022,5,May,2,12,Thursday,19
2022-05-13,2022,5,May,2,13,Friday,19
2022-05-14,2022,5,May,2,14,Saturday,19
2022-05-15,2022,5,May,2,15,Sunday,19
2022-05-16,2022,5,May,2,16,Monday,20
2022-05-17,2022,5,May,2,17,Tuesday,20
2022-05-18,2022,5,May,2,18,Wednesday,20
2022-05-19,2022,5,May,2,19,Thursday,20
2022-05-20,2022,5,May,2,20,Friday,20
2022-05-21,2022,5,May,2,21,Saturday,20
2022-05-22,2022,5,May,2,22,Sunday,20
2022-05-23,2022,5,May,2,23,Monday,21
2022-05-24,2022,5,May,2,24,Tuesday,21
2022-05-25,2022,5,May,2,25,Wednesday,21
2022-05-26,2022,5,May,2,26,Thursday,21
2022-05-27,2022,5,May,2,27,Friday,21
2022-05-28,2022,5,May,2,28,Saturday,21
2022-05-29,2022,5,May,2,29,Sunday,21
2022-05-30,2022,5,May,2,30,Monday,22
2022-05-31,2022,5,May,2,31,Tuesday,22
2022-06-01,2022,6,June,2,1,Wednesday,22
2022-06-02,2022,6,June,2,2,Thursday,22
2022-06-03,2022,6,June,2,3,Friday,22
2022-06-04,2022,6,June,2,4,Saturday,22
2022-06-05,2022,6,June,2,5,Sunday,22
2022-06-06,2022,6,June,2,6,Monday,23
2022-06-07,2022,6,June,2,7,Tuesday,23
2022-06-08,2022,6,June,2,8,Wednesday,23
2022-06-09,2022,6,June,2,9,Thursday,23
2022-06-10,2022,6,June,2,10,Friday,23
2022-06-11,2022,6,June,2,11,Saturday,23
2022-06-12,2022,6,June,2,12,Sunday,23
2022-06-13,2022,6,June,2,13,Monday,24
2022-06-14,2022,6,June,2,14,Tuesday,24
2022-06-15,2022,6,June,2,15,Wednesday,24
2022-06-16,2022,6,June,2,16,Thursday,24
2022-06-17,2022,6,June,2,17,Friday,24
2022-06-18,2022,6,June,2,18,Saturday,24
2022-06-19,2022,6,June,2,19,Sunday,24
2022-06-20,2022,6,June,2,20,Monday,25
2022-06-21,2022,6,June,2,21,Tuesday,25
2022-06-22,2022,6,June,2,22,Wednesday,25
2022-06-23,2022,6,June,2,23,Thursday,25
2022-06-24,2022,6,June,2,24,Friday,25
2022-06-25,2022,6,June,2,25,Saturday,25
2022-06-26,2022,6,June,2,26,Sunday,25
2022-06-27,2022,6,June,2,27,Monday,26
2022-06-28,2022,6,June,2,28,Tuesday,26
2022-06-29,2022,6,June,2,29,Wednesday,26
2022-06-30,2022,6,June,2,30,Thursday,26
2022-07-01,2022,7,July,3,1,Friday,26
2022-07-02,2022,7,July,3,2,Saturday,26
2022-07-03,2022,7,July,3,3,Sunday,26
2022-07-04,2022,7,July,3,4,Monday,27
2022-07-05,2022,7,July,3,5,Tuesday,27
2022-07-06,2022,7,July,3,6,Wednesday,27
2022-07-07,2022,7,July,3,7,Thursday,27
2022-07-08,2022,7,July,3,8,Friday,27
2022-07-09,2022,7,July,3,9,Saturday,27
2022-07-10,2022,7,July,3,10,Sunday,27
2022-07-11,2022,7,July,3,11,Monday,28
2022-07-12,2022,7,July,3,12,Tuesday,28
2022-07-13,2022,7,July,3,13,Wednesday,28
2022-07-14,2022,7,July,3,14,Thursday,28
2022-07-15,2022,7,July,3,15,Friday,28
2022-07-16,2022,7,July,3,16,Saturday,28
2022-07-17,2022,7,July,3,17,Sunday,28
2022-07-18,2022,7,July,3,18,Monday,29
2022-07-19,2022,7,July,3,19,Tuesday,29
2022-07-20,2022,7,July,3,20,Wednesday,29
2022-07-21,2022,7,July,3,21,Thursday,29
2022-07-22,2022,7,July,3,22,Friday,29
2022-07-23,2022,7,July,3,23,Saturday,29
2022-07-24,2022,7,July,3,24,Sunday,29
2022-07-25,2022,7,July,3,25,Monday,30
2022-07-26,2022,7,July,3,26,Tuesday,30
2022-07-27,2022,7,July,3,27,Wednesday,30
2022-07-28,2022,7,July,3,28,Thursday,30
2022-07-29,2022,7,July,3,29,Friday,30
2022-07-30,2022,7,July,3,30,Saturday,30
2022-07-31,2022,7,July,3,31,Sunday,30
2022-08-01,2022,8,August,3,1,Monday,31
2022-08-02,2022,8,August,3,2,Tuesday,31
2022-08-03,2022,8,August,3,3,Wednesday,31
2022-08-04,2022,8,August,3,4,Thursday,31
2022-08-05,2022,8,August,3,5,Friday,31
2022-08-06,2022,8,August,3,6,Saturday,31
2022-08-07,2022,8,August,3,7,Sunday,31
2022-08-08,2022,8,August,3,8,Monday,32
2022-08-09,2022,8,August,3,9,Tuesday,32
2022-08-10,2022,8,August,3,10,Wednesday,32
2022-08-11,2022,8,August,3,11,Thursday,32
2022-08-12,2022,8,August,3,12,Friday,32
2022-08-13,2022,8,August,3,13,Saturday,32
2022-08-14,2022,8,August,3,14,Sunday,32
2022-08-15,2022,8,August,3,15,Monday,33
2022-08-16,2022,8,August,3,16,Tuesday,33
2022-08-17,2022,8,August,3,17,Wednesday,33
2022-08-18,2022,8,August,3,18,Thursday,33
2022-08-19,2022,8,August,3,19,Friday,33
2022-08-20,2022,8,August,3,20,Saturday,33
2022-08-21,2022,8,August,3,21,Sunday,33
2022-08-22,2022,8,August,3,22,Monday,34
2022-08-23,2022,8,August,3,23,Tuesday,34
2022-08-24,2022,8,August,3,24,Wednesday,34
2022-08-25,2022,8,August,3,25,Thursday,34
2022-08-26,2022,8,August,3,26,Friday,34
2022-08-27,2022,8,August,3,27,Saturday,34
2022-08-28,2022,8,August,3,28,Sunday,34
2022-08-29,2022,8,August,3,29,Monday,35
2022-08-30,2022,8,August,3,30,Tuesday,35
2022-08-31,2022,8,August,3,31,Wednesday,35
2022-09-01,2022,9,September,3,1,Thursday,35
2022-09-02,2022,9,September,3,2,Friday,35
2022-09-03,2022,9,September,3,3,Saturday,35
2022-09-04,2022,9,September,3,4,Sunday,35
2022-09-05,2022,9,September,3,5,Monday,36
2022-09-06,2022,9,September,3,6,Tuesday,36
2022-09-07,2022,9,September,3,7,Wednesday,36
2022-09-08,2022,9,September,3,8,Thursday,36
2022-09-09,2022,9,September,3,9,Friday,36
2022-09-10,2022,9,September,3,10,Saturday,36
2022-09-11,2022,9,September,3,11,Sunday,36
2022-09-12,2022,9,September,3,12,Monday,37
2022-09-13,2022,9,September,3,13,Tuesday,37
2022-09-14,2022,9,September,3,14,Wednesday,37
2022-09-15,2022,9,September,3,15,Thursday,37
2022-09-16,2022,9,September,3,16,Friday,37
2022-09-17,2022,9,September,3,17,Saturday,37
2022-09-18,2022,9,September,3,18,Sunday,37
2022-09-19,2022,9,September,3,19,Monday,38
2022-09-20,2022,9,September,3,20,Tuesday,38
2022-09-21,2022,9,September,3,21,Wednesday,38
2022-09-22,2022,9,September,3,22,Thursday,38
2022-09-23,2022,9,September,3,23,Friday,38
2022-09-24,2022,9,September,3,24,Saturday,38
2022-09-25,2022,9,September,3,25,Sunday,38
2022-09-26,2022,9,September,3,26,Monday,39
2022-09-27,2022,9,September,3,27,Tuesday,39
2022-09-28,2022,9,September,3,28,Wednesday,39
2022-09-29,2022,9,September,3,29,Thursday,39
2022-09-30,2022,9,September,3,30,Friday,39
2022-10-01,2022,10,October,4,1,Saturday,39
2022-10-02,2022,10,October,4,2,Sunday,39
2022-10-03,2022,10,October,4,3,Monday,40
2022-10-04,2022,10,October,4,4,Tuesday,40
2022-10-05,2022,10,October,4,5,Wednesday,40
2022-10-06,2022,10,October,4,6,Thursday,40
2022-10-07,2022,10,October,4,7,Friday,40
2022-10-08,2022,10,October,4,8,Saturday,40
2022-10-09,2022,10,October,4,9,Sunday,40
2022-10-10,2022,10,October,4,10,Monday,41
2022-10-11,2022,10,October,4,11,Tuesday,41
2022-10-12,2022,10,October,4,12,Wednesday,41
2022-10-13,2022,10,October,4,13,Thursday,41
2022-10-14,2022,10,October,4,14,Friday,41
2022-10-15,2022,10,October,4,15,Saturday,41
2022-10-16,2022,10,October,4,16,Sunday,41
2022-10-17,2022,10,October,4,17,Monday,42
2022-10-18,2022,10,October,4,18,Tuesday,42
2022-10-19,2022,10,October,4,19,Wednesday,42
2022-10-20,2022,10,October,4,20,Thursday,42
2022-10-21,2022,10,October,4,21,Friday,42
2022-10-22,2022,10,October,4,22,Saturday,42
2022-10-23,2022,10,October,4,23,Sunday,42
2022-10-24,2022,10,October,4,24,Monday,43
2022-10-25,2022,10,October,4,25,Tuesday,43
2022-10-26,2022,10,October,4,26,Wednesday,43
2022-10-27,2022,10,October,4,27,Thursday,43
2022-10-28,2022,10,October,4,28,Friday,43
2022-10-29,2022,10,October,4,29,Saturday,43
2022-10-30,2022,10,October,4,30,Sunday,43
2022-10-31,2022,10,October,4,31,Monday,44
2022-11-01,2022,11,November,4,1,Tuesday,44
2022-11-02,2022,11,November,4,2,Wednesday,44
2022-11-03,2022,11,November,4,3,Thursday,44
2022-11-04,2022,11,November,4,4,Friday,44
2022-11-05,2022,11,November,4,5,Saturday,44
2022-11-06,2022,11,November,4,6,Sunday,44
2022-11-07,2022,11,November,4,7,Monday,45
2022-11-08,2022,11,November,4,8,Tuesday,45
2022-11-09,2022,11,November,4,9,Wednesday,45
2022-11-10,2022,11,November,4,10,Thursday,45
2022-11-11,2022,11,November,4,11,Friday,45
2022-11-12,2022,11,November,4,12,Saturday,45
2022-11-13,2022,11,November,4,13,Sunday,45
2022-11-14,2022,11,November,4,14,Monday,46
2022-11-15,2022,11,November,4,15,Tuesday,46
2022-11-16,2022,11,November,4,16,Wednesday,46
2022-11-17,2022,11,November,4,17,Thursday,46
2022-11-18,2022,11,November,4,18,Friday,46
2022-11-19,2022,11,November,4,19,Saturday,46
2022-11-20,2022,11,November,4,20,Sunday,46
2022-11-21,2022,11,November,4,21,Monday,47
2022-11-22,2022,11,November,4,22,Tuesday,47
2022-11-23,2022,11,November,4,23,Wednesday,47
2022-11-24,2022,11,November,4,24,Thursday,47
2022-11-25,2022,11,November,4,25,Friday,47
2022-11-26,2022,11,November,4,26,Saturday,47
2022-11-27,2022,11,November,4,27,Sunday,47
2022-11-28,2022,11,November,4,28,Monday,48
2022-11-29,2022,11,November,4,29,Tuesday,48
2022-11-30,2022,11,November,4,30,Wednesday,48
2022-12-01,2022,12,December,4,1,Thursday,48
2022-12-02,2022,12,December,4,2,Friday,48
2022-12-03,2022,12,December,4,3,Saturday,48
2022-12-04,2022,12,December,4,4,Sunday,48
2022-12-05,2022,12,December,4,5,Monday,49
2022-12-06,2022,12,December,4,6,Tuesday,49
2022-12-07,2022,12,December,4,7,Wednesday,49
2022-12-08,2022,12,December,4,8,Thursday,49
2022-12-09,2022,12,December,4,9,Friday,49
2022-12-10,2022,12,December,4,10,Saturday,49
2022-12-11,2022,12,December,4,11,Sunday,49
2022-12-12,2022,12,December,4,12,Monday,50
2022-12-13,2022,12,December,4,13,Tuesday,50
2022-12-14,2022,12,December,4,14,Wednesday,50
2022-12-15,2022,12,December,4,15,Thursday,50
2022-12-16,2022,12,December,4,16,Friday,50
2022-12-17,2022,12,December,4,17,Saturday,50
2022-12-18,2022,12,December,4,18,Sunday,50
2022-12-19,2022,12,December,4,19,Monday,51
2022-12-20,2022,12,December,4,20,Tuesday,51
2022-12-21,2022,12,December,4,21,Wednesday,51
2022-12-22,2022,12,December,4,22,Thursday,51
2022-12-23,2022,12,December,4,23,Friday,51
2022-12-24,2022,12,December,4,24,Saturday,51
2022-12-25,2022,12,December,4,25,Sunday,51
2022-12-26,2022,12,December,4,26,Monday,52
2022-12-27,2022,12,December,4,27,Tuesday,52
2022-12-28,2022,12,December,4,28,Wednesday,52
2022-12-29,2022,12,December,4,29,Thursday,52
2022-12-30,2022,12,December,4,30,Friday,52
2022-12-31,2022,12,December,4,31,Saturday,52
2023-01-01,2023,1,January,1,1,Sunday,52
2023-01-02,2023,1,January,1,2,Monday,1
2023-01-03,2023,1,January,1,3,Tuesday,1
2023-01-04,2023,1,January,1,4,Wednesday,1
2023-01-05,2023,1,January,1,5,Thursday,1
2023-01-06,2023,1,January,1,6,Friday,1
2023-01-07,2023,1,January,1,7,Saturday,1
2023-01-08,2023,1,January,1,8,Sunday,1
2023-01-09,2023,1,January,1,9,Monday,2
2023-01-10,2023,1,January,1,10,Tuesday,2
2023-01-11,2023,1,January,1,11,Wednesday,2
2023-01-12,2023,1,January,1,12,Thursday,2
2023-01-13,2023,1,January,1,13,Friday,2
2023-01-14,2023,1,January,1,14,Saturday,2
2023-01-15,2023,1,January,1,15,Sunday,2
2023-01-16,2023,1,January,1,16,Monday,3
2023-01-17,2023,1,January,1,17,Tuesday,3
2023-01-18,2023,1,January,1,18,Wednesday,3
2023-01-19,2023,1,January,1,19,Thursday,3
2023-01-20,2023,1,January,1,20,Friday,3
2023-01-21,2023,1,January,1,21,Saturday,3
2023-01-22,2023,1,January,1,22,Sunday,3
2023-01-23,2023,1,January,1,23,Monday,4
2023-01-24,2023,1,January,1,24,Tuesday,4
2023-01-25,2023,1,January,1,25,Wednesday,4
2023-01-26,2023,1,January,1,26,Thursday,4
2023-01-27,2023,1,January,1,27,Friday,4
2023-01-28,2023,1,January,1,28,Saturday,4
2023-01-29,2023,1,January,1,29,Sunday,4
2023-01-30,2023,1,January,1,30,Monday,5
2023-01-31,2023,1,January,1,31,Tuesday,5
2023-02-01,2023,2,February,1,1,Wednesday,5
2023-02-02,2023,2,February,1,2,Thursday,5
2023-02-03,2023,2,February,1,3,Friday,5
2023-02-04,2023,2,February,1,4,Saturday,5
2023-02-05,2023,2,February,1,5,Sunday,5
2023-02-06,2023,2,February,1,6,Monday,6
2023-02-07,2023,2,February,1,7,Tuesday,6
2023-02-08,2023,2,February,1,8,Wednesday,6
2023-02-09,2023,2,February,1,9,Thursday,6
2023-02-10,2023,2,February,1,10,Friday,6
2023-02-11,2023,2,February,1,11,Saturday,6
2023-02-12,2023,2,February,1,12,Sunday,6
2023-02-13,2023,2,February,1,13,Monday,7
2023-02-14,2023,2,February,1,14,Tuesday,7
2023-02-15,2023,2,February,1,15,Wednesday,7
2023-02-16,2023,2,February,1,16,Thursday,7
2023-02-17,2023,2,February,1,17,Friday,7
2023-02-18,2023,2,February,1,18,Saturday,7
2023-02-19,2023,2,February,1,19,Sunday,7
2023-02-20,2023,2,February,1,20,Monday,8
2023-02-21,2023,2,February,1,21,Tuesday,8
2023-02-22,2023,2,February,1,22,Wednesday,8
2023-02-23,2023,2,February,1,23,Thursday,8
2023-02-24,2023,2,February,1,24,Friday,8
2023-02-25,2023,2,February,1,25,Saturday,8
2023-02-26,2023,2,February,1,26,Sunday,8
2023-02-27,2023,2,February,1,27,Monday,9
2023-02-28,2023,2,February,1,28,Tuesday,9
2023-03-01,2023,3,March,1,1,Wednesday,9
2023-03-02,2023,3,March,1,2,Thursday,9
2023-03-03,2023,3,March,1,3,Friday,9
2023-03-04,2023,3,March,1,4,Saturday,9
2023-03-05,2023,3,March,1,5,Sunday,9
2023-03-06,2023,3,March,1,6,Monday,10
2023-03-07,2023,3,March,1,7,Tuesday,10
2023-03-08,2023,3,March,1,8,Wednesday,10
2023-03-09,2023,3,March,1,9,Thursday,10
2023-03-10,2023,3,March,1,10,Friday,10
2023-03-11,2023,3,March,1,11,Saturday,10
2023-03-12,2023,3,March,1,12,Sunday,10
2023-03-13,2023,3,March,1,13,Monday,11
2023-03-14,2023,3,March,1,14,Tuesday,11
2023-03-15,2023,3,March,1,15,Wednesday,11
2023-03-16,2023,3,March,1,16,Thursday,11
2023-03-17,2023,3,March,1,17,Friday,11
2023-03-18,2023,3,March,1,18,Saturday,11
2023-03-19,2023,3,March,1,19,Sunday,11
2023-03-20,2023,3,March,1,20,Monday,12
2023-03-21,2023,3,March,1,21,Tuesday,12
2023-03-22,2023,3,March,1,22,Wednesday,12
2023-03-23,2023,3,March,1,23,Thursday,12
2023-03-24,2023,3,March,1,24,Friday,12
2023-03-25,2023,3,March,1,25,Saturday,12
2023-03-26,2023,3,March,1,26,Sunday,12
2023-03-27,2023,3,March,1,27,Monday,13
2023-03-28,2023,3,March,1,28,Tuesday,13
2023-03-29,2023,3,March,1,29,Wednesday,13
2023-03-30,2023,3,March,1,30,Thursday,13
2023-03-31,2023,3,March,1,31,Friday,13
2023-04-01,2023,4,April,2,1,Saturday,13
2023-04-02,2023,4,April,2,2,Sunday,13
2023-04-03,2023,4,April,2,3,Monday,14
2023-04-04,2023,4,April,2,4,Tuesday,14
2023-04-05,2023,4,April,2,5,Wednesday,14
2023-04-06,2023,4,April,2,6,Thursday,14
2023-04-07,2023,4,April,2,7,Friday,14
2023-04-08,2023,4,April,2,8,Saturday,14
2023-04-09,2023,4,April,2,9,Sunday,14
2023-04-10,2023,4,April,2,10,Monday,15
2023-04-11,2023,4,April,2,11,Tuesday,15
2023-04-12,2023,4,April,2,12,Wednesday,15
2023-04-13,2023,4,April,2,13,Thursday,15
2023-04-14,2023,4,April,2,14,Friday,15
2023-04-15,2023,4,April,2,15,Saturday,15
2023-04-16,2023,4,April,2,16,Sunday,15
2023-04-17,2023,4,April,2,17,Monday,16
2023-04-18,2023,4,April,2,18,Tuesday,16
2023-04-19,2023,4,April,2,19,Wednesday,16
2023-04-20,2023,4,April,2,20,Thursday,16
2023-04-21,2023,4,April,2,21,Friday,16
2023-04-22,2023,4,April,2,22,Saturday,16
2023-04-23,2023,4,April,2,23,Sunday,16
2023-04-24,2023,4,April,2,24,Monday,17
2023-04-25,2023,4,April,2,25,Tuesday,17
2023-04-26,2023,4,April,2,26,Wednesday,17
2023-04-27,2023,4,April,2,27,Thursday,17
2023-04-28,2023,4,April,2,28,Friday,17
2023-04-29,2023,4,April,2,29,Saturday,17
2023-04-30,2023,4,April,2,30,Sunday,17
2023-05-01,2023,5,May,2,1,Monday,18
2023-05-02,2023,5,May,2,2,Tuesday,18
2023-05-03,2023,5,May,2,3,Wednesday,18
2023-05-04,2023,5,May,2,4,Thursday,18
2023-05-05,2023,5,May,2,5,Friday,18
2023-05-06,2023,5,May,2,6,Saturday,18
2023-05-07,2023,5,May,2,7,Sunday,18
2023-05-08,2023,5,May,2,8,Monday,19
2023-05-09,2023,5,May,2,9,Tuesday,19
2023-05-10,2023,5,May,2,10,Wednesday,19
2023-05-11,2023,5,May,2,11,Thursday,19
2023-05-12,2023,5,May,2,12,Friday,19
2023-05-13,2023,5,May,2,13,Saturday,19
2023-05-14,2023,5,May,2,14,Sunday,19
2023-05-15,2023,5,May,2,15,Monday,20
2023-05-16,2023,5,May,2,16,Tuesday,20
2023-05-17,2023,5,May,2,17,Wednesday,20
2023-05-18,2023,5,May,2,18,Thursday,20
2023-05-19,2023,5,May,2,19,Friday,20
2023-05-20,2023,5,May,2,20,Saturday,20
2023-05-21,2023,5,May,2,21,Sunday,20
2023-05-22,2023,5,May,2,22,Monday,21
2023-05-23,2023,5,May,2,23,Tuesday,21
2023-05-24,2023,5,May,2,24,Wednesday,21
2023-05-25,2023,5,May,2,25,Thursday,21
2023-05-26,2023,5,May,2,26,Friday,21
2023-05-27,2023,5,May,2,27,Saturday,21
2023-05-28,2023,5,May,2,28,Sunday,21
2023-05-29,2023,5,May,2,29,Monday,22
2023-05-30,2023,5,May,2,30,Tuesday,22
2023-05-31,2023,5,May,2,31,Wednesday,22
2023-06-01,2023,6,June,2,1,Thursday,22
2023-06-02,2023,6,June,2,2,Friday,22
2023-06-03,2023,6,June,2,3,Saturday,22
2023-06-04,2023,6,June,2,4,Sunday,22
2023-06-05,2023,6,June,2,5,Monday,23
2023-06-06,2023,6,June,2,6,Tuesday,23
2023-06-07,2023,6,June,2,7,Wednesday,23
2023-06-08,2023,6,June,2,8,Thursday,23
2023-06-09,2023,6,June,2,9,Friday,23
2023-06-10,2023,6,June,2,10,Saturday,23
2023-06-11,2023,6,June,2,11,Sunday,23
2023-06-12,2023,6,June,2,12,Monday,24
2023-06-13,2023,6,June,2,13,Tuesday,24
2023-06-14,2023,6,June,2,14,Wednesday,24
2023-06-15,2023,6,June,2,15,Thursday,24
2023-06-16,2023,6,June,2,16,Friday,24
2023-06-17,2023,6,June,2,17,Saturday,24
2023-06-18,2023,6,June,2,18,Sunday,24
2023-06-19,2023,6,June,2,19,Monday,25
2023-06-20,2023,6,June,2,20,Tuesday,25
2023-06-21,2023,6,June,2,21,Wednesday,25
2023-06-22,2023,6,June,2,22,Thursday,25
2023-06-23,2023,6,June,2,23,Friday,25
2023-06-24,2023,6,June,2,24,Saturday,25
2023-06-25,2023,6,June,2,25,Sunday,25
2023-06-26,2023,6,June,2,26,Monday,26
2023-06-27,2023,6,June,2,27,Tuesday,26
2023-06-28,2023,6,June,2,28,Wednesday,26
2023-06-29,2023,6,June,2,29,Thursday,26
2023-06-30,2023,6,June,2,30,Friday,26
2023-07-01,2023,7,July,3,1,Saturday,26
2023-07-02,2023,7,July,3,2,Sunday,26
2023-07-03,2023,7,July,3,3,Monday,27
2023-07-04,2023,7,July,3,4,Tuesday,27
2023-07-05,2023,7,July,3,5,Wednesday,27
2023-07-06,2023,7,July,3,6,Thursday,27
2023-07-07,2023,7,July,3,7,Friday,27
2023-07-08,2023,7,July,3,8,Saturday,27
2023-07-09,2023,7,July,3,9,Sunday,27
2023-07-10,2023,7,July,3,10,Monday,28
2023-07-11,2023,7,July,3,11,Tuesday,28
2023-07-12,2023,7,July,3,12,Wednesday,28
2023-07-13,2023,7,July,3,13,Thursday,28
2023-07-14,2023,7,July,3,14,Friday,28
2023-07-15,2023,7,July,3,15,Saturday,28
2023-07-16,2023,7,July,3,16,Sunday,28
2023-07-17,2023,7,July,3,17,Monday,29
2023-07-18,2023,7,July,3,18,Tuesday,29
2023-07-19,2023,7,July,3,19,Wednesday,29
2023-07-20,2023,7,July,3,20,Thursday,29
2023-07-21,2023,7,July,3,21,Friday,29
2023-07-22,2023,7,July,3,22,Saturday,29
2023-07-23,2023,7,July,3,23,Sunday,29
2023-07-24,2023,7,July,3,24,Monday,30
2023-07-25,2023,7,July,3,25,Tuesday,30
2023-07-26,2023,7,July,3,26,Wednesday,30
2023-07-27,2023,7,July,3,27,Thursday,30
2023-07-28,2023,7,July,3,28,Friday,30
2023-07-29,2023,7,July,3,29,Saturday,30
2023-07-30,2023,7,July,3,30,Sunday,30
2023-07-31,2023,7,July,3,31,Monday,31
2023-08-01,2023,8,August,3,1,Tuesday,31
2023-08-02,2023,8,August,3,2,Wednesday,31
2023-08-03,2023,8,August,3,3,Thursday,31
2023-08-04,2023,8,August,3,4,Friday,31
2023-08-05,2023,8,August,3,5,Saturday,31
2023-08-06,2023,8,August,3,6,Sunday,31
2023-08-07,2023,8,August,3,7,Monday,32
2023-08-08,2023,8,August,3,8,Tuesday,32
2023-08-09,2023,8,August,3,9,Wednesday,32
2023-08-10,2023,8,August,3,10,Thursday,32
2023-08-11,2023,8,August,3,11,Friday,32
2023-08-12,2023,8,August,3,12,Saturday,32
2023-08-13,2023,8,August,3,13,Sunday,32
2023-08-14,2023,8,August,3,14,Monday,33
2023-08-15,2023,8,August,3,15,Tuesday,33
2023-08-16,2023,8,August,3,16,Wednesday,33
2023-08-17,2023,8,August,3,17,Thursday,33
2023-08-18,2023,8,August,3,18,Friday,33
2023-08-19,2023,8,August,3,19,Saturday,33
2023-08-20,2023,8,August,3,20,Sunday,33
2023-08-21,2023,8,August,3,21,Monday,34
2023-08-22,2023,8,August,3,22,Tuesday,34
2023-08-23,2023,8,August,3,23,Wednesday,34
2023-08-24,2023,8,August,3,24,Thursday,34
2023-08-25,2023,8,August,3,25,Friday,34
2023-08-26,2023,8,August,3,26,Saturday,34
2023-08-27,2023,8,August,3,27,Sunday,34
2023-08-28,2023,8,August,3,28,Monday,35
2023-08-29,2023,8,August,3,29,Tuesday,35
2023-08-30,2023,8,August,3,30,Wednesday,35
2023-08-31,2023,8,August,3,31,Thursday,35
2023-09-01,2023,9,September,3,1,Friday,35
2023-09-02,2023,9,September,3,2,Saturday,35
2023-09-03,2023,9,September,3,3,Sunday,35
2023-09-04,2023,9,September,3,4,Monday,36
2023-09-05,2023,9,September,3,5,Tuesday,36
2023-09-06,2023,9,September,3,6,Wednesday,36
2023-09-07,2023,9,September,3,7,Thursday,36
2023-09-08,2023,9,September,3,8,Friday,36
2023-09-09,2023,9,September,3,9,Saturday,36
2023-09-10,2023,9,September,3,10,Sunday,36
2023-09-11,2023,9,September,3,11,Monday,37
2023-09-12,2023,9,September,3,12,Tuesday,37
2023-09-13,2023,9,September,3,13,Wednesday,37
2023-09-14,2023,9,September,3,14,Thursday,37
2023-09-15,2023,9,September,3,15,Friday,37
2023-09-16,2023,9,September,3,16,Saturday,37
2023-09-17,2023,9,September,3,17,Sunday,37
2023-09-18,2023,9,September,3,18,Monday,38
2023-09-19,2023,9,September,3,19,Tuesday,38
2023-09-20,2023,9,September,3,20,Wednesday,38
2023-09-21,2023,9,September,3,21,Thursday,38
2023-09-22,2023,9,September,3,22,Friday,38
2023-09-23,2023,9,September,3,23,Saturday,38
2023-09-24,2023,9,September,3,24,Sunday,38
2023-09-25,2023,9,September,3,25,Monday,39
2023-09-26,2023,9,September,3,26,Tuesday,39
2023-09-27,2023,9,September,3,27,Wednesday,39
2023-09-28,2023,9,September,3,28,Thursday,39
2023-09-29,2023,9,September,3,29,Friday,39
2023-09-30,2023,9,September,3,30,Saturday,39
2023-10-01,2023,10,October,4,1,Sunday,39
2023-10-02,2023,10,October,4,2,Monday,40
2023-10-03,2023,10,October,4,3,Tuesday,40
2023-10-04,2023,10,October,4,4,Wednesday,40
2023-10-05,2023,10,October,4,5,Thursday,40
2023-10-06,2023,10,October,4,6,Friday,40
2023-10-07,2023,10,October,4,7,Saturday,40
2023-10-08,2023,10,October,4,8,Sunday,40
2023-10-09,2023,10,October,4,9,Monday,41
2023-10-10,2023,10,October,4,10,Tuesday,41
2023-10-11,2023,10,October,4,11,Wednesday,41
2023-10-12,2023,10,October,4,12,Thursday,41
2023-10-13,2023,10,October,4,13,Friday,41
2023-10-14,2023,10,October,4,14,Saturday,41
2023-10-15,2023,10,October,4,15,Sunday,41
2023-10-16,2023,10,October,4,16,Monday,42
2023-10-17,2023,10,October,4,17,Tuesday,42
2023-10-18,2023,10,October,4,18,Wednesday,42
2023-10-19,2023,10,October,4,19,Thursday,42
2023-10-20,2023,10,October,4,20,Friday,42
2023-10-21,2023,10,October,4,21,Saturday,42
2023-10-22,2023,10,October,4,22,Sunday,42
2023-10-23,2023,10,October,4,23,Monday,43
2023-10-24,2023,10,October,4,24,Tuesday,43
2023-10-25,2023,10,October,4,25,Wednesday,43
2023-10-26,2023,10,October,4,26,Thursday,43
2023-10-27,2023,10,October,4,27,Friday,43
2023-10-28,2023,10,October,4,28,Saturday,43
2023-10-29,2023,10,October,4,29,Sunday,43
2023-10-30,2023,10,October,4,30,Monday,44
2023-10-31,2023,10,October,4,31,Tuesday,44
2023-11-01,2023,11,November,4,1,Wednesday,44
2023-11-02,2023,11,November,4,2,Thursday,44
2023-11-03,2023,11,November,4,3,Friday,44
2023-11-04,2023,11,November,4,4,Saturday,44
2023-11-05,2023,11,November,4,5,Sunday,44
2023-11-06,2023,11,November,4,6,Monday,45
2023-11-07,2023,11,November,4,7,Tuesday,45
2023-11-08,2023,11,November,4,8,Wednesday,45
2023-11-09,2023,11,November,4,9,Thursday,45
2023-11-10,2023,11,November,4,10,Friday,45
2023-11-11,2023,11,November,4,11,Saturday,45
2023-11-12,2023,11,November,4,12,Sunday,45
2023-11-13,2023,11,November,4,13,Monday,46
2023-11-14,2023,11,November,4,14,Tuesday,46
2023-11-15,2023,11,November,4,15,Wednesday,46
2023-11-16,2023,11,November,4,16,Thursday,46
2023-11-17,2023,11,November,4,17,Friday,46
2023-11-18,2023,11,November,4,18,Saturday,46
2023-11-19,2023,11,November,4,19,Sunday,46
2023-11-20,2023,11,November,4,20,Monday,47
2023-11-21,2023,11,November,4,21,Tuesday,47
2023-11-22,2023,11,November,4,22,Wednesday,47
2023-11-23,2023,11,November,4,23,Thursday,47
2023-11-24,2023,11,November,4,24,Friday,47
2023-11-25,2023,11,November,4,25,Saturday,47
2023-11-26,2023,11,November,4,26,Sunday,47
2023-11-27,2023,11,November,4,27,Monday,48
2023-11-28,2023,11,November,4,28,Tuesday,48
2023-11-29,2023,11,November,4,29,Wednesday,48
2023-11-30,2023,11,November,4,30,Thursday,48
2023-12-01,2023,12,December,4,1,Friday,48
2023-12-02,2023,12,December,4,2,Saturday,48
2023-12-03,2023,12,December,4,3,Sunday,48
2023-12-04,2023,12,December,4,4,Monday,49
2023-12-05,2023,12,December,4,5,Tuesday,49
2023-12-06,2023,12,December,4,6,Wednesday,49
2023-12-07,2023,12,December,4,7,Thursday,49
2023-12-08,2023,12,December,4,8,Friday,49
2023-12-09,2023,12,December,4,9,Saturday,49
2023-12-10,2023,12,December,4,10,Sunday,49
2023-12-11,2023,12,December,4,11,Monday,50
2023-12-12,2023,12,December,4,12,Tuesday,50
2023-12-13,2023,12,December,4,13,Wednesday,50
2023-12-14,2023,12,December,4,14,Thursday,50
2023-12-15,2023,12,December,4,15,Friday,50
2023-12-16,2023,12,December,4,16,Saturday,50
2023-12-17,2023,12,December,4,17,Sunday,50
2023-12-18,2023,12,December,4,18,Monday,51
2023-12-19,2023,12,December,4,19,Tuesday,51
2023-12-20,2023,12,December,4,20,Wednesday,51
2023-12-21,2023,12,December,4,21,Thursday,51
2023-12-22,2023,12,December,4,22,Friday,51
2023-12-23,2023,12,December,4,23,Saturday,51
2023-12-24,2023,12,December,4,24,Sunday,51
2023-12-25,2023,12,December,4,25,Monday,52
2023-12-26,2023,12,December,4,26,Tuesday,52
2023-12-27,2023,12,December,4,27,Wednesday,52
2023-12-28,2023,12,December,4,28,Thursday,52
2023-12-29,2023,12,December,4,29,Friday,52
2023-12-30,2023,12,December,4,30,Saturday,52
2023-12-31,2023,12,December,4,31,Sunday,52
2024-01-01,2024,1,January,1,1,Monday,1
2024-01-02,2024,1,January,1,2,Tuesday,1
2024-01-03,2024,1,January,1,3,Wednesday,1
2024-01-04,2024,1,January,1,4,Thursday,1
2024-01-05,2024,1,January,1,5,Friday,1
2024-01-06,2024,1,January,1,6,Saturday,1
2024-01-07,2024,1,January,1,7,Sunday,1
2024-01-08,2024,1,January,1,8,Monday,2
2024-01-09,2024,1,January,1,9,Tuesday,2
2024-01-10,2024,1,January,1,10,Wednesday,2
2024-01-11,2024,1,January,1,11,Thursday,2
2024-01-12,2024,1,January,1,12,Friday,2
2024-01-13,2024,1,January,1,13,Saturday,2
2024-01-14,2024,1,January,1,14,Sunday,2
2024-01-15,2024,1,January,1,15,Monday,3
2024-01-16,2024,1,January,1,16,Tuesday,3
2024-01-17,2024,1,January,1,17,Wednesday,3
2024-01-18,2024,1,January,1,18,Thursday,3
2024-01-19,2024,1,January,1,19,Friday,3
2024-01-20,2024,1,January,1,20,Saturday,3
2024-01-21,2024,1,January,1,21,Sunday,3
2024-01-22,2024,1,January,1,22,Monday,4
2024-01-23,2024,1,January,1,23,Tuesday,4
2024-01-24,2024,1,January,1,24,Wednesday,4
2024-01-25,2024,1,January,1,25,Thursday,4
2024-01-26,2024,1,January,1,26,Friday,4
2024-01-27,2024,1,January,1,27,Saturday,4
2024-01-28,2024,1,January,1,28,Sunday,4
2024-01-29,2024,1,January,1,29,Monday,5
2024-01-30,2024,1,January,1,30,Tuesday,5
2024-01-31,2024,1,January,1,31,Wednesday,5
2024-02-01,2024,2,February,1,1,Thursday,5
2024-02-02,2024,2,February,1,2,Friday,5
2024-02-03,2024,2,February,1,3,Saturday,5
2024-02-04,2024,2,February,1,4,Sunday,5
2024-02-05,2024,2,February,1,5,Monday,6
2024-02-06,2024,2,February,1,6,Tuesday,6
2024-02-07,2024,2,February,1,7,Wednesday,6
2024-02-08,2024,2,February,1,8,Thursday,6
2024-02-09,2024,2,February,1,9,Friday,6
2024-02-10,2024,2,February,1,10,Saturday,6
2024-02-11,2024,2,February,1,11,Sunday,6
2024-02-12,2024,2,February,1,12,Monday,7
2024-02-13,2024,2,February,1,13,Tuesday,7
2024-02-14,2024,2,February,1,14,Wednesday,7
2024-02-15,2024,2,February,1,15,Thursday,7
2024-02-16,2024,2,February,1,16,Friday,7
2024-02-17,2024,2,February,1,17,Saturday,7
2024-02-18,2024,2,February,1,18,Sunday,7
2024-02-19,2024,2,February,1,19,Monday,8
2024-02-20,2024,2,February,1,20,Tuesday,8
2024-02-21,2024,2,February,1,21,Wednesday,8
2024-02-22,2024,2,February,1,22,Thursday,8
2024-02-23,2024,2,February,1,23,Friday,8
2024-02-24,2024,2,February,1,24,Saturday,8
2024-02-25,2024,2,February,1,25,Sunday,8
2024-02-26,2024,2,February,1,26,Monday,9
2024-02-27,2024,2,February,1,27,Tuesday,9
2024-02-28,2024,2,February,1,28,Wednesday,9
2024-02-29,2024,2,February,1,29,Thursday,9
2024-03-01,2024,3,March,1,1,Friday,9
2024-03-02,2024,3,March,1,2,Saturday,9
2024-03-03,2024,3,March,1,3,Sunday,9
2024-03-04,2024,3,March,1,4,Monday,10
2024-03-05,2024,3,March,1,5,Tuesday,10
2024-03-06,2024,3,March,1,6,Wednesday,10
2024-03-07,2024,3,March,1,7,Thursday,10
2024-03-08,2024,3,March,1,8,Friday,10
2024-03-09,2024,3,March,1,9,Saturday,10
2024-03-10,2024,3,March,1,10,Sunday,10
2024-03-11,2024,3,March,1,11,Monday,11
2024-03-12,2024,3,March,1,12,Tuesday,11
2024-03-13,2024,3,March,1,13,Wednesday,11
2024-03-14,2024,3,March,1,14,Thursday,11
2024-03-15,2024,3,March,1,15,Friday,11
2024-03-16,2024,3,March,1,16,Saturday,11
2024-03-17,2024,3,March,1,17,Sunday,11
2024-03-18,2024,3,March,1,18,Monday,12
2024-03-19,2024,3,March,1,19,Tuesday,12
2024-03-20,2024,3,March,1,20,Wednesday,12
2024-03-21,2024,3,March,1,21,Thursday,12
2024-03-22,2024,3,March,1,22,Friday,12
2024-03-23,2024,3,March,1,23,Saturday,12
2024-03-24,2024,3,March,1,24,Sunday,12
2024-03-25,2024,3,March,1,25,Monday,13
2024-03-26,2024,3,March,1,26,Tuesday,13
2024-03-27,2024,3,March,1,27,Wednesday,13
2024-03-28,2024,3,March,1,28,Thursday,13
2024-03-29,2024,3,March,1,29,Friday,13
2024-03-30,2024,3,March,1,30,Saturday,13
2024-03-31,2024,3,March,1,31,Sunday,13
2024-04-01,2024,4,April,2,1,Monday,14
2024-04-02,2024,4,April,2,2,Tuesday,14
2024-04-03,2024,4,April,2,3,Wednesday,14
2024-04-04,2024,4,April,2,4,Thursday,14
2024-04-05,2024,4,April,2,5,Friday,14
2024-04-06,2024,4,April,2,6,Saturday,14
2024-04-07,2024,4,April,2,7,Sunday,14
2024-04-08,2024,4,April,2,8,Monday,15
2024-04-09,2024,4,April,2,9,Tuesday,15
2024-04-10,2024,4,April,2,10,Wednesday,15
2024-04-11,2024,4,April,2,11,Thursday,15
2024-04-12,2024,4,April,2,12,Friday,15
2024-04-13,2024,4,April,2,13,Saturday,15
2024-04-14,2024,4,April,2,14,Sunday,15
2024-04-15,2024,4,April,2,15,Monday,16
2024-04-16,2024,4,April,2,16,Tuesday,16
2024-04-17,2024,4,April,2,17,Wednesday,16
2024-04-18,2024,4,April,2,18,Thursday,16
2024-04-19,2024,4,April,2,19,Friday,16
2024-04-20,2024,4,April,2,20,Saturday,16
2024-04-21,2024,4,April,2,21,Sunday,16
2024-04-22,2024,4,April,2,22,Monday,17
2024-04-23,2024,4,April,2,23,Tuesday,17
2024-04-24,2024,4,April,2,24,Wednesday,17
2024-04-25,2024,4,April,2,25,Thursday,17
2024-04-26,2024,4,April,2,26,Friday,17
2024-04-27,2024,4,April,2,27,Saturday,17
2024-04-28,2024,4,April,2,28,Sunday,17
2024-04-29,2024,4,April,2,29,Monday,18
2024-04-30,2024,4,April,2,30,Tuesday,18
2024-05-01,2024,5,May,2,1,Wednesday,18
2024-05-02,2024,5,May,2,2,Thursday,18
2024-05-03,2024,5,May,2,3,Friday,18
2024-05-04,2024,5,May,2,4,Saturday,18
2024-05-05,2024,5,May,2,5,Sunday,18
2024-05-06,2024,5,May,2,6,Monday,19
2024-05-07,2024,5,May,2,7,Tuesday,19
2024-05-08,2024,5,May,2,8,Wednesday,19
2024-05-09,2024,5,May,2,9,Thursday,19
2024-05-10,2024,5,May,2,10,Friday,19
2024-05-11,2024,5,May,2,11,Saturday,19
2024-05-12,2024,5,May,2,12,Sunday,19
2024-05-13,2024,5,May,2,13,Monday,20
2024-05-14,2024,5,May,2,14,Tuesday,20
2024-05-15,2024,5,May,2,15,Wednesday,20
2024-05-16,2024,5,May,2,16,Thursday,20
2024-05-17,2024,5,May,2,17,Friday,20
2024-05-18,2024,5,May,2,18,Saturday,20
2024-05-19,2024,5,May,2,19,Sunday,20
2024-05-20,2024,5,May,2,20,Monday,21
2024-05-21,2024,5,May,2,21,Tuesday,21
2024-05-22,2024,5,May,2,22,Wednesday,21
2024-05-23,2024,5,May,2,23,Thursday,21
2024-05-24,2024,5,May,2,24,Friday,21
2024-05-25,2024,5,May,2,25,Saturday,21
2024-05-26,2024,5,May,2,26,Sunday,21
2024-05-27,2024,5,May,2,27,Monday,22
2024-05-28,2024,5,May,2,28,Tuesday,22
2024-05-29,2024,5,May,2,29,Wednesday,22
2024-05-30,2024,5,May,2,30,Thursday,22
2024-05-31,2024,5,May,2,31,Friday,22
2024-06-01,2024,6,June,2,1,Saturday,22
2024-06-02,2024,6,June,2,2,Sunday,22
2024-06-03,2024,6,June,2,3,Monday,23
2024-06-04,2024,6,June,2,4,Tuesday,23
2024-06-05,2024,6,June,2,5,Wednesday,23
2024-06-06,2024,6,June,2,6,Thursday,23
2024-06-07,2024,6,June,2,7,Friday,23
2024-06-08,2024,6,June,2,8,Saturday,23
2024-06-09,2024,6,June,2,9,Sunday,23
2024-06-10,2024,6,June,2,10,Monday,24
2024-06-11,2024,6,June,2,11,Tuesday,24
2024-06-12,2024,6,June,2,12,Wednesday,24
2024-06-13,2024,6,June,2,13,Thursday,24
2024-06-14,2024,6,June,2,14,Friday,24
2024-06-15,2024,6,June,2,15,Saturday,24
2024-06-16,2024,6,June,2,16,Sunday,24
2024-06-17,2024,6,June,2,17,Monday,25
2024-06-18,2024,6,June,2,18,Tuesday,25
2024-06-19,2024,6,June,2,19,Wednesday,25
2024-06-20,2024,6,June,2,20,Thursday,25
2024-06-21,2024,6,June,2,21,Friday,25
2024-06-22,2024,6,June,2,22,Saturday,25
2024-06-23,2024,6,June,2,23,Sunday,25
2024-06-24,2024,6,June,2,24,Monday,26
2024-06-25,2024,6,June,2,25,Tuesday,26
2024-06-26,2024,6,June,2,26,Wednesday,26
2024-06-27,2024,6,June,2,27,Thursday,26
2024-06-28,2024,6,June,2,28,Friday,26
2024-06-29,2024,6,June,2,29,Saturday,26
2024-06-30,2024,6,June,2,30,Sunday,26
2024-07-01,2024,7,July,3,1,Monday,27
2024-07-02,2024,7,July,3,2,Tuesday,27
2024-07-03,2024,7,July,3,3,Wednesday,27
2024-07-04,2024,7,July,3,4,Thursday,27
2024-07-05,2024,7,July,3,5,Friday,27
2024-07-06,2024,7,July,3,6,Saturday,27
2024-07-07,2024,7,July,3,7,Sunday,27
2024-07-08,2024,7,July,3,8,Monday,28
2024-07-09,2024,7,July,3,9,Tuesday,28
2024-07-10,2024,7,July,3,10,Wednesday,28
2024-07-11,2024,7,July,3,11,Thursday,28
2024-07-12,2024,7,July,3,12,Friday,28
2024-07-13,2024,7,July,3,13,Saturday,28
2024-07-14,2024,7,July,3,14,Sunday,28
2024-07-15,2024,7,July,3,15,Monday,29
2024-07-16,2024,7,July,3,16,Tuesday,29
2024-07-17,2024,7,July,3,17,Wednesday,29
2024-07-18,2024,7,July,3,18,Thursday,29
2024-07-19,2024,7,July,3,19,Friday,29
2024-07-20,2024,7,July,3,20,Saturday,29
2024-07-21,2024,7,July,3,21,Sunday,29
2024-07-22,2024,7,July,3,22,Monday,30
2024-07-23,2024,7,July,3,23,Tuesday,30
2024-07-24,2024,7,July,3,24,Wednesday,30
2024-07-25,2024,7,July,3,25,Thursday,30
2024-07-26,2024,7,July,3,26,Friday,30
2024-07-27,2024,7,July,3,27,Saturday,30
2024-07-28,2024,7,July,3,28,Sunday,30
2024-07-29,2024,7,July,3,29,Monday,31
2024-07-30,2024,7,July,3,30,Tuesday,31
2024-07-31,2024,7,July,3,31,Wednesday,31
2024-08-01,2024,8,August,3,1,Thursday,31
2024-08-02,2024,8,August,3,2,Friday,31
2024-08-03,2024,8,August,3,3,Saturday,31
2024-08-04,2024,8,August,3,4,Sunday,31
2024-08-05,2024,8,August,3,5,Monday,32
2024-08-06,2024,8,August,3,6,Tuesday,32
2024-08-07,2024,8,August,3,7,Wednesday,32
2024-08-08,2024,8,August,3,8,Thursday,32
2024-08-09,2024,8,August,3,9,Friday,32
2024-08-10,2024,8,August,3,10,Saturday,32
2024-08-11,2024,8,August,3,11,Sunday,32
2024-08-12,2024,8,August,3,12,Monday,33
2024-08-13,2024,8,August,3,13,Tuesday,33
2024-08-14,2024,8,August,3,14,Wednesday,33
2024-08-15,2024,8,August,3,15,Thursday,33
2024-08-16,2024,8,August,3,16,Friday,33
2024-08-17,2024,8,August,3,17,Saturday,33
2024-08-18,2024,8,August,3,18,Sunday,33
2024-08-19,2024,8,August,3,19,Monday,34
2024-08-20,2024,8,August,3,20,Tuesday,34
2024-08-21,2024,8,August,3,21,Wednesday,34
2024-08-22,2024,8,August,3,22,Thursday,34
2024-08-23,2024,8,August,3,23,Friday,34
2024-08-24,2024,8,August,3,24,Saturday,34
2024-08-25,2024,8,August,3,25,Sunday,34
2024-08-26,2024,8,August,3,26,Monday,35
2024-08-27,2024,8,August,3,27,Tuesday,35
2024-08-28,2024,8,August,3,28,Wednesday,35
2024-08-29,2024,8,August,3,29,Thursday,35
2024-08-30,2024,8,August,3,30,Friday,35
2024-08-31,2024,8,August,3,31,Saturday,35
2024-09-01,2024,9,September,3,1,Sunday,35
2024-09-02,2024,9,September,3,2,Monday,36
2024-09-03,2024,9,September,3,3,Tuesday,36
2024-09-04,2024,9,September,3,4,Wednesday,36
2024-09-05,2024,9,September,3,5,Thursday,36
2024-09-06,2024,9,September,3,6,Friday,36
2024-09-07,2024,9,September,3,7,Saturday,36
2024-09-08,2024,9,September,3,8,Sunday,36
2024-09-09,2024,9,September,3,9,Monday,37
2024-09-10,2024,9,September,3,10,Tuesday,37
2024-09-11,2024,9,September,3,11,Wednesday,37
2024-09-12,2024,9,September,3,12,Thursday,37
2024-09-13,2024,9,September,3,13,Friday,37
2024-09-14,2024,9,September,3,14,Saturday,37
2024-09-15,2024,9,September,3,15,Sunday,37
2024-09-16,2024,9,September,3,16,Monday,38
2024-09-17,2024,9,September,3,17,Tuesday,38
2024-09-18,2024,9,September,3,18,Wednesday,38
2024-09-19,2024,9,September,3,19,Thursday,38
2024-09-20,2024,9,September,3,20,Friday,38
2024-09-21,2024,9,September,3,21,Saturday,38
2024-09-22,2024,9,September,3,22,Sunday,38
2024-09-23,2024,9,September,3,23,Monday,39
2024-09-24,2024,9,September,3,24,Tuesday,39
2024-09-25,2024,9,September,3,25,Wednesday,39
2024-09-26,2024,9,September,3,26,Thursday,39
2024-09-27,2024,9,September,3,27,Friday,39
2024-09-28,2024,9,September,3,28,Saturday,39
2024-09-29,2024,9,September,3,29,Sunday,39
2024-09-30,2024,9,September,3,30,Monday,40
2024-10-01,2024,10,October,4,1,Tuesday,40
2024-10-02,2024,10,October,4,2,Wednesday,40
2024-10-03,2024,10,October,4,3,Thursday,40
2024-10-04,2024,10,October,4,4,Friday,40
2024-10-05,2024,10,October,4,5,Saturday,40
2024-10-06,2024,10,October,4,6,Sunday,40
2024-10-07,2024,10,October,4,7,Monday,41
2024-10-08,2024,10,October,4,8,Tuesday,41
2024-10-09,2024,10,October,4,9,Wednesday,41
2024-10-10,2024,10,October,4,10,Thursday,41
2024-10-11,2024,10,October,4,11,Friday,41
2024-10-12,2024,10,October,4,12,Saturday,41
2024-10-13,2024,10,October,4,13,Sunday,41
2024-10-14,2024,10,October,4,14,Monday,42
2024-10-15,2024,10,October,4,15,Tuesday,42
2024-10-16,2024,10,October,4,16,Wednesday,42
2024-10-17,2024,10,October,4,17,Thursday,42
2024-10-18,2024,10,October,4,18,Friday,42
2024-10-19,2024,10,October,4,19,Saturday,42
2024-10-20,2024,10,October,4,20,Sunday,42
2024-10-21,2024,10,October,4,21,Monday,43
2024-10-22,2024,10,October,4,22,Tuesday,43
2024-10-23,2024,10,October,4,23,Wednesday,43
2024-10-24,2024,10,October,4,24,Thursday,43
2024-10-25,2024,10,October,4,25,Friday,43
2024-10-26,2024,10,October,4,26,Saturday,43
2024-10-27,2024,10,October,4,27,Sunday,43
2024-10-28,2024,10,October,4,28,Monday,44
2024-10-29,2024,10,October,4,29,Tuesday,44
2024-10-30,2024,10,October,4,30,Wednesday,44
2024-10-31,2024,10,October,4,31,Thursday,44
2024-11-01,2024,11,November,4,1,Friday,44
2024-11-02,2024,11,November,4,2,Saturday,44
2024-11-03,2024,11,November,4,3,Sunday,44
2024-11-04,2024,11,November,4,4,Monday,45
2024-11-05,2024,11,November,4,5,Tuesday,45
2024-11-06,2024,11,November,4,6,Wednesday,45
2024-11-07,2024,11,November,4,7,Thursday,45
2024-11-08,2024,11,November,4,8,Friday,45
2024-11-09,2024,11,November,4,9,Saturday,45
2024-11-10,2024,11,November,4,10,Sunday,45
2024-11-11,2024,11,November,4,11,Monday,46
2024-11-12,2024,11,November,4,12,Tuesday,46
2024-11-13,2024,11,November,4,13,Wednesday,46
2024-11-14,2024,11,November,4,14,Thursday,46
2024-11-15,2024,11,November,4,15,Friday,46
2024-11-16,2024,11,November,4,16,Saturday,46
2024-11-17,2024,11,November,4,17,Sunday,46
2024-11-18,2024,11,November,4,18,Monday,47
2024-11-19,2024,11,November,4,19,Tuesday,47
2024-11-20,2024,11,November,4,20,Wednesday,47
2024-11-21,2024,11,November,4,21,Thursday,47
2024-11-22,2024,11,November,4,22,Friday,47
2024-11-23,2024,11,November,4,23,Saturday,47
2024-11-24,2024,11,November,4,24,Sunday,47
2024-11-25,2024,11,November,4,25,Monday,48
2024-11-26,2024,11,November,4,26,Tuesday,48
2024-11-27,2024,11,November,4,27,Wednesday,48
2024-11-28,2024,11,November,4,28,Thursday,48
2024-11-29,2024,11,November,4,29,Friday,48
2024-11-30,2024,11,November,4,30,Saturday,48
2024-12-01,2024,12,December,4,1,Sunday,48
2024-12-02,2024,12,December,4,2,Monday,49
2024-12-03,2024,12,December,4,3,Tuesday,49
2024-12-04,2024,12,December,4,4,Wednesday,49
2024-12-05,2024,12,December,4,5,Thursday,49
2024-12-06,2024,12,December,4,6,Friday,49
2024-12-07,2024,12,December,4,7,Saturday,49
2024-12-08,2024,12,December,4,8,Sunday,49
2024-12-09,2024,12,December,4,9,Monday,50
2024-12-10,2024,12,December,4,10,Tuesday,50
2024-12-11,2024,12,December,4,11,Wednesday,50
2024-12-12,2024,12,December,4,12,Thursday,50
2024-12-13,2024,12,December,4,13,Friday,50
2024-12-14,2024,12,December,4,14,Saturday,50
2024-12-15,2024,12,December,4,15,Sunday,50
2024-12-16,2024,12,December,4,16,Monday,51
2024-12-17,2024,12,December,4,17,Tuesday,51
2024-12-18,2024,12,December,4,18,Wednesday,51
2024-12-19,2024,12,December,4,19,Thursday,51
2024-12-20,2024,12,December,4,20,Friday,51
2024-12-21,2024,12,December,4,21,Saturday,51
2024-12-22,2024,12,December,4,22,Sunday,51
2024-12-23,2024,12,December,4,23,Monday,52
2024-12-24,2024,12,December,4,24,Tuesday,52
2024-12-25,2024,12,December,4,25,Wednesday,52
2024-12-26,2024,12,December,4,26,Thursday,52
2024-12-27,2024,12,December,4,27,Friday,52
2024-12-28,2024,12,December,4,28,Saturday,52
2024-12-29,2024,12,December,4,29,Sunday,52
2024-12-30,2024,12,December,4,30,Monday,1
2024-12-31,2024,12,December,4,31,Tuesday,1
2025-01-01,2025,1,January,1,1,Wednesday,1
2025-01-02,2025,1,January,1,2,Thursday,1
2025-01-03,2025,1,January,1,3,Friday,1
2025-01-04,2025,1,January,1,4,Saturday,1
2025-01-05,2025,1,January,1,5,Sunday,1
2025-01-06,2025,1,January,1,6,Monday,2
2025-01-07,2025,1,January,1,7,Tuesday,2
2025-01-08,2025,1,January,1,8,Wednesday,2
2025-01-09,2025,1,January,1,9,Thursday,2
2025-01-10,2025,1,January,1,10,Friday,2
2025-01-11,2025,1,January,1,11,Saturday,2
2025-01-12,2025,1,January,1,12,Sunday,2
2025-01-13,2025,1,January,1,13,Monday,3
2025-01-14,2025,1,January,1,14,Tuesday,3
2025-01-15,2025,1,January,1,15,Wednesday,3
2025-01-16,2025,1,January,1,16,Thursday,3
2025-01-17,2025,1,January,1,17,Friday,3
2025-01-18,2025,1,January,1,18,Saturday,3
2025-01-19,2025,1,January,1,19,Sunday,3
2025-01-20,2025,1,January,1,20,Monday,4
2025-01-21,2025,1,January,1,21,Tuesday,4
2025-01-22,2025,1,January,1,22,Wednesday,4
2025-01-23,2025,1,January,1,23,Thursday,4
2025-01-24,2025,1,January,1,24,Friday,4
2025-01-25,2025,1,January,1,25,Saturday,4
2025-01-26,2025,1,January,1,26,Sunday,4
2025-01-27,2025,1,January,1,27,Monday,5
2025-01-28,2025,1,January,1,28,Tuesday,5
2025-01-29,2025,1,January,1,29,Wednesday,5
2025-01-30,2025,1,January,1,30,Thursday,5
2025-01-31,2025,1,January,1,31,Friday,5
2025-02-01,2025,2,February,1,1,Saturday,5
2025-02-02,2025,2,February,1,2,Sunday,5
2025-02-03,2025,2,February,1,3,Monday,6
2025-02-04,2025,2,February,1,4,Tuesday,6
2025-02-05,2025,2,February,1,5,Wednesday,6
2025-02-06,2025,2,February,1,6,Thursday,6
2025-02-07,2025,2,February,1,7,Friday,6
2025-02-08,2025,2,February,1,8,Saturday,6
2025-02-09,2025,2,February,1,9,Sunday,6
2025-02-10,2025,2,February,1,10,Monday,7
2025-02-11,2025,2,February,1,11,Tuesday,7
2025-02-12,2025,2,February,1,12,Wednesday,7
2025-02-13,2025,2,February,1,13,Thursday,7
2025-02-14,2025,2,February,1,14,Friday,7
2025-02-15,2025,2,February,1,15,Saturday,7
2025-02-16,2025,2,February,1,16,Sunday,7
2025-02-17,2025,2,February,1,17,Monday,8
2025-02-18,2025,2,February,1,18,Tuesday,8
2025-02-19,2025,2,February,1,19,Wednesday,8
2025-02-20,2025,2,February,1,20,Thursday,8
2025-02-21,2025,2,February,1,21,Friday,8
2025-02-22,2025,2,February,1,22,Saturday,8
2025-02-23,2025,2,February,1,23,Sunday,8
2025-02-24,2025,2,February,1,24,Monday,9
2025-02-25,2025,2,February,1,25,Tuesday,9
2025-02-26,2025,2,February,1,26,Wednesday,9
2025-02-27,2025,2,February,1,27,Thursday,9
2025-02-28,2025,2,February,1,28,Friday,9
2025-03-01,2025,3,March,1,1,Saturday,9
2025-03-02,2025,3,March,1,2,Sunday,9
2025-03-03,2025,3,March,1,3,Monday,10
2025-03-04,2025,3,March,1,4,Tuesday,10
2025-03-05,2025,3,March,1,5,Wednesday,10
2025-03-06,2025,3,March,1,6,Thursday,10
2025-03-07,2025,3,March,1,7,Friday,10
2025-03-08,2025,3,March,1,8,Saturday,10
2025-03-09,2025,3,March,1,9,Sunday,10
2025-03-10,2025,3,March,1,10,Monday,11
2025-03-11,2025,3,March,1,11,Tuesday,11
2025-03-12,2025,3,March,1,12,Wednesday,11
2025-03-13,2025,3,March,1,13,Thursday,11
2025-03-14,2025,3,March,1,14,Friday,11
2025-03-15,2025,3,March,1,15,Saturday,11
2025-03-16,2025,3,March,1,16,Sunday,11
2025-03-17,2025,3,March,1,17,Monday,12
2025-03-18,2025,3,March,1,18,Tuesday,12
2025-03-19,2025,3,March,1,19,Wednesday,12
2025-03-20,2025,3,March,1,20,Thursday,12
2025-03-21,2025,3,March,1,21,Friday,12
2025-03-22,2025,3,March,1,22,Saturday,12
2025-03-23,2025,3,March,1,23,Sunday,12
2025-03-24,2025,3,March,1,24,Monday,13
2025-03-25,2025,3,March,1,25,Tuesday,13
2025-03-26,2025,3,March,1,26,Wednesday,13
2025-03-27,2025,3,March,1,27,Thursday,13
2025-03-28,2025,3,March,1,28,Friday,13
2025-03-29,2025,3,March,1,29,Saturday,13
2025-03-30,2025,3,March,1,30,Sunday,13
2025-03-31,2025,3,March,1,31,Monday,14
2025-04-01,2025,4,April,2,1,Tuesday,14
2025-04-02,2025,4,April,2,2,Wednesday,14
2025-04-03,2025,4,April,2,3,Thursday,14
2025-04-04,2025,4,April,2,4,Friday,14
2025-04-05,2025,4,April,2,5,Saturday,14
2025-04-06,2025,4,April,2,6,Sunday,14
2025-04-07,2025,4,April,2,7,Monday,15
2025-04-08,2025,4,April,2,8,Tuesday,15
2025-04-09,2025,4,April,2,9,Wednesday,15
2025-04-10,2025,4,April,2,10,Thursday,15
2025-04-11,2025,4,April,2,11,Friday,15
2025-04-12,2025,4,April,2,12,Saturday,15
2025-04-13,2025,4,April,2,13,Sunday,15
2025-04-14,2025,4,April,2,14,Monday,16
2025-04-15,2025,4,April,2,15,Tuesday,16
2025-04-16,2025,4,April,2,16,Wednesday,16
2025-04-17,2025,4,April,2,17,Thursday,16
2025-04-18,2025,4,April,2,18,Friday,16
2025-04-19,2025,4,April,2,19,Saturday,16
2025-04-20,2025,4,April,2,20,Sunday,16
2025-04-21,2025,4,April,2,21,Monday,17
2025-04-22,2025,4,April,2,22,Tuesday,17
2025-04-23,2025,4,April,2,23,Wednesday,17
2025-04-24,2025,4,April,2,24,Thursday,17
2025-04-25,2025,4,April,2,25,Friday,17
2025-04-26,2025,4,April,2,26,Saturday,17
2025-04-27,2025,4,April,2,27,Sunday,17
2025-04-28,2025,4,April,2,28,Monday,18
2025-04-29,2025,4,April,2,29,Tuesday,18
2025-04-30,2025,4,April,2,30,Wednesday,18
2025-05-01,2025,5,May,2,1,Thursday,18
2025-05-02,2025,5,May,2,2,Friday,18
2025-05-03,2025,5,May,2,3,Saturday,18
2025-05-04,2025,5,May,2,4,Sunday,18
2025-05-05,2025,5,May,2,5,Monday,19
2025-05-06,2025,5,May,2,6,Tuesday,19
2025-05-07,2025,5,May,2,7,Wednesday,19
2025-05-08,2025,5,May,2,8,Thursday,19
2025-05-09,2025,5,May,2,9,Friday,19
2025-05-10,2025,5,May,2,10,Saturday,19
2025-05-11,2025,5,May,2,11,Sunday,19
2025-05-12,2025,5,May,2,12,Monday,20
2025-05-13,2025,5,May,2,13,Tuesday,20
2025-05-14,2025,5,May,2,14,Wednesday,20
2025-05-15,2025,5,May,2,15,Thursday,20
2025-05-16,2025,5,May,2,16,Friday,20
2025-05-17,2025,5,May,2,17,Saturday,20
2025-05-18,2025,5,May,2,18,Sunday,20
2025-05-19,2025,5,May,2,19,Monday,21
2025-05-20,2025,5,May,2,20,Tuesday,21
2025-05-21,2025,5,May,2,21,Wednesday,21
2025-05-22,2025,5,May,2,22,Thursday,21
2025-05-23,2025,5,May,2,23,Friday,21
2025-05-24,2025,5,May,2,24,Saturday,21
2025-05-25,2025,5,May,2,25,Sunday,21
2025-05-26,2025,5,May,2,26,Monday,22
2025-05-27,2025,5,May,2,27,Tuesday,22
2025-05-28,2025,5,May,2,28,Wednesday,22
2025-05-29,2025,5,May,2,29,Thursday,22
2025-05-30,2025,5,May,2,30,Friday,22
2025-05-31,2025,5,May,2,31,Saturday,22
2025-06-01,2025,6,June,2,1,Sunday,22
2025-06-02,2025,6,June,2,2,Monday,23
2025-06-03,2025,6,June,2,3,Tuesday,23
2025-06-04,2025,6,June,2,4,Wednesday,23
2025-06-05,2025,6,June,2,5,Thursday,23
2025-06-06,2025,6,June,2,6,Friday,23
2025-06-07,2025,6,June,2,7,Saturday,23
2025-06-08,2025,6,June,2,8,Sunday,23
2025-06-09,2025,6,June,2,9,Monday,24
2025-06-10,2025,6,June,2,10,Tuesday,24
2025-06-11,2025,6,June,2,11,Wednesday,24
2025-06-12,2025,6,June,2,12,Thursday,24
2025-06-13,2025,6,June,2,13,Friday,24
2025-06-14,2025,6,June,2,14,Saturday,24
2025-06-15,2025,6,June,2,15,Sunday,24
2025-06-16,2025,6,June,2,16,Monday,25
2025-06-17,2025,6,June,2,17,Tuesday,25
2025-06-18,2025,6,June,2,18,Wednesday,25
2025-06-19,2025,6,June,2,19,Thursday,25
2025-06-20,2025,6,June,2,20,Friday,25
2025-06-21,2025,6,June,2,21,Saturday,25
2025-06-22,2025,6,June,2,22,Sunday,25
2025-06-23,2025,6,June,2,23,Monday,26
2025-06-24,2025,6,June,2,24,Tuesday,26
2025-06-25,2025,6,June,2,25,Wednesday,26
2025-06-26,2025,6,June,2,26,Thursday,26
2025-06-27,2025,6,June,2,27,Friday,26
2025-06-28,2025,6,June,2,28,Saturday,26
2025-06-29,2025,6,June,2,29,Sunday,26
2025-06-30,2025,6,June,2,30,Monday,27
2025-07-01,2025,7,July,3,1,Tuesday,27
2025-07-02,2025,7,July,3,2,Wednesday,27
2025-07-03,2025,7,July,3,3,Thursday,27
2025-07-04,2025,7,July,3,4,Friday,27
2025-07-05,2025,7,July,3,5,Saturday,27
2025-07-06,2025,7,July,3,6,Sunday,27
2025-07-07,2025,7,July,3,7,Monday,28
2025-07-08,2025,7,July,3,8,Tuesday,28
2025-07-09,2025,7,July,3,9,Wednesday,28
2025-07-10,2025,7,July,3,10,Thursday,28
2025-07-11,2025,7,July,3,11,Friday,28
2025-07-12,2025,7,July,3,12,Saturday,28
2025-07-13,2025,7,July,3,13,Sunday,28
2025-07-14,2025,7,July,3,14,Monday,29
2025-07-15,2025,7,July,3,15,Tuesday,29
2025-07-16,2025,7,July,3,16,Wednesday,29
2025-07-17,2025,7,July,3,17,Thursday,29
2025-07-18,2025,7,July,3,18,Friday,29
2025-07-19,2025,7,July,3,19,Saturday,29
2025-07-20,2025,7,July,3,20,Sunday,29
2025-07-21,2025,7,July,3,21,Monday,30
2025-07-22,2025,7,July,3,22,Tuesday,30
2025-07-23,2025,7,July,3,23,Wednesday,30
2025-07-24,2025,7,July,3,24,Thursday,30
2025-07-25,2025,7,July,3,25,Friday,30
2025-07-26,2025,7,July,3,26,Saturday,30
2025-07-27,2025,7,July,3,27,Sunday,30
2025-07-28,2025,7,July,3,28,Monday,31
2025-07-29,2025,7,July,3,29,Tuesday,31
2025-07-30,2025,7,July,3,30,Wednesday,31
2025-07-31,2025,7,July,3,31,Thursday,31
2025-08-01,2025,8,August,3,1,Friday,31
2025-08-02,2025,8,August,3,2,Saturday,31
2025-08-03,2025,8,August,3,3,Sunday,31
2025-08-04,2025,8,August,3,4,Monday,32
2025-08-05,2025,8,August,3,5,Tuesday,32
2025-08-06,2025,8,August,3,6,Wednesday,32
2025-08-07,2025,8,August,3,7,Thursday,32
2025-08-08,2025,8,August,3,8,Friday,32
2025-08-09,2025,8,August,3,9,Saturday,32
2025-08-10,2025,8,August,3,10,Sunday,32
2025-08-11,2025,8,August,3,11,Monday,33
2025-08-12,2025,8,August,3,12,Tuesday,33
2025-08-13,2025,8,August,3,13,Wednesday,33
2025-08-14,2025,8,August,3,14,Thursday,33
2025-08-15,2025,8,August,3,15,Friday,33
2025-08-16,2025,8,August,3,16,Saturday,33
2025-08-17,2025,8,August,3,17,Sunday,33
2025-08-18,2025,8,August,3,18,Monday,34
2025-08-19,2025,8,August,3,19,Tuesday,34
2025-08-20,2025,8,August,3,20,Wednesday,34
2025-08-21,2025,8,August,3,21,Thursday,34
2025-08-22,2025,8,August,3,22,Friday,34
2025-08-23,2025,8,August,3,23,Saturday,34
2025-08-24,2025,8,August,3,24,Sunday,34
2025-08-25,2025,8,August,3,25,Monday,35
2025-08-26,2025,8,August,3,26,Tuesday,35
2025-08-27,2025,8,August,3,27,Wednesday,35
2025-08-28,2025,8,August,3,28,Thursday,35
2025-08-29,2025,8,August,3,29,Friday,35
2025-08-30,2025,8,August,3,30,Saturday,35
2025-08-31,2025,8,August,3,31,Sunday,35
2025-09-01,2025,9,September,3,1,Monday,36
2025-09-02,2025,9,September,3,2,Tuesday,36
2025-09-03,2025,9,September,3,3,Wednesday,36
2025-09-04,2025,9,September,3,4,Thursday,36
2025-09-05,2025,9,September,3,5,Friday,36
2025-09-06,2025,9,September,3,6,Saturday,36
2025-09-07,2025,9,September,3,7,Sunday,36
2025-09-08,2025,9,September,3,8,Monday,37
2025-09-09,2025,9,September,3,9,Tuesday,37
2025-09-10,2025,9,September,3,10,Wednesday,37
2025-09-11,2025,9,September,3,11,Thursday,37
2025-09-12,2025,9,September,3,12,Friday,37
2025-09-13,2025,9,September,3,13,Saturday,37
2025-09-14,2025,9,September,3,14,Sunday,37
2025-09-15,2025,9,September,3,15,Monday,38
2025-09-16,2025,9,September,3,16,Tuesday,38
2025-09-17,2025,9,September,3,17,Wednesday,38
2025-09-18,2025,9,September,3,18,Thursday,38
2025-09-19,2025,9,September,3,19,Friday,38
2025-09-20,2025,9,September,3,20,Saturday,38
2025-09-21,2025,9,September,3,21,Sunday,38
2025-09-22,2025,9,September,3,22,Monday,39
2025-09-23,2025,9,September,3,23,Tuesday,39
2025-09-24,2025,9,September,3,24,Wednesday,39
2025-09-25,2025,9,September,3,25,Thursday,39
2025-09-26,2025,9,September,3,26,Friday,39
2025-09-27,2025,9,September,3,27,Saturday,39
2025-09-28,2025,9,September,3,28,Sunday,39
2025-09-29,2025,9,September,3,29,Monday,40
2025-09-30,2025,9,September,3,30,Tuesday,40
2025-10-01,2025,10,October,4,1,Wednesday,40
2025-10-02,2025,10,October,4,2,Thursday,40
2025-10-03,2025,10,October,4,3,Friday,40
2025-10-04,2025,10,October,4,4,Saturday,40
2025-10-05,2025,10,October,4,5,Sunday,40
2025-10-06,2025,10,October,4,6,Monday,41
2025-10-07,2025,10,October,4,7,Tuesday,41
2025-10-08,2025,10,October,4,8,Wednesday,41
2025-10-09,2025,10,October,4,9,Thursday,41
2025-10-10,2025,10,October,4,10,Friday,41
2025-10-11,2025,10,October,4,11,Saturday,41
2025-10-12,2025,10,October,4,12,Sunday,41
2025-10-13,2025,10,October,4,13,Monday,42
2025-10-14,2025,10,October,4,14,Tuesday,42
2025-10-15,2025,10,October,4,15,Wednesday,42
2025-10-16,2025,10,October,4,16,Thursday,42
2025-10-17,2025,10,October,4,17,Friday,42
2025-10-18,2025,10,October,4,18,Saturday,42
2025-10-19,2025,10,October,4,19,Sunday,42
2025-10-20,2025,10,October,4,20,Monday,43
2025-10-21,2025,10,October,4,21,Tuesday,43
2025-10-22,2025,10,October,4,22,Wednesday,43
2025-10-23,2025,10,October,4,23,Thursday,43
2025-10-24,2025,10,October,4,24,Friday,43
2025-10-25,2025,10,October,4,25,Saturday,43
2025-10-26,2025,10,October,4,26,Sunday,43
2025-10-27,2025,10,October,4,27,Monday,44
2025-10-28,2025,10,October,4,28,Tuesday,44
2025-10-29,2025,10,October,4,29,Wednesday,44
2025-10-30,2025,10,October,4,30,Thursday,44
2025-10-31,2025,10,October,4,31,Friday,44
2025-11-01,2025,11,November,4,1,Saturday,44
2025-11-02,2025,11,November,4,2,Sunday,44
2025-11-03,2025,11,November,4,3,Monday,45
2025-11-04,2025,11,November,4,4,Tuesday,45
2025-11-05,2025,11,November,4,5,Wednesday,45
2025-11-06,2025,11,November,4,6,Thursday,45
2025-11-07,2025,11,November,4,7,Friday,45
2025-11-08,2025,11,November,4,8,Saturday,45
2025-11-09,2025,11,November,4,9,Sunday,45
2025-11-10,2025,11,November,4,10,Monday,46
2025-11-11,2025,11,November,4,11,Tuesday,46
2025-11-12,2025,11,November,4,12,Wednesday,46
2025-11-13,2025,11,November,4,13,Thursday,46
2025-11-14,2025,11,November,4,14,Friday,46
2025-11-15,2025,11,November,4,15,Saturday,46
2025-11-16,2025,11,November,4,16,Sunday,46
2025-11-17,2025,11,November,4,17,Monday,47
2025-11-18,2025,11,November,4,18,Tuesday,47
2025-11-19,2025,11,November,4,19,Wednesday,47
2025-11-20,2025,11,November,4,20,Thursday,47
2025-11-21,2025,11,November,4,21,Friday,47
2025-11-22,2025,11,November,4,22,Saturday,47
2025-11-23,2025,11,November,4,23,Sunday,47
2025-11-24,2025,11,November,4,24,Monday,48
2025-11-25,2025,11,November,4,25,Tuesday,48
2025-11-26,2025,11,November,4,26,Wednesday,48
2025-11-27,2025,11,November,4,27,Thursday,48
2025-11-28,2025,11,November,4,28,Friday,48
2025-11-29,2025,11,November,4,29,Saturday,48
2025-11-30,2025,11,November,4,30,Sunday,48
2025-12-01,2025,12,December,4,1,Monday,49
2025-12-02,2025,12,December,4,2,Tuesday,49
2025-12-03,2025,12,December,4,3,Wednesday,49
2025-12-04,2025,12,December,4,4,Thursday,49
2025-12-05,2025,12,December,4,5,Friday,49
2025-12-06,2025,12,December,4,6,Saturday,49
2025-12-07,2025,12,December,4,7,Sunday,49
2025-12-08,2025,12,December,4,8,Monday,50
2025-12-09,2025,12,December,4,9,Tuesday,50
2025-12-10,2025,12,December,4,10,Wednesday,50
2025-12-11,2025,12,December,4,11,Thursday,50
2025-12-12,2025,12,December,4,12,Friday,50
2025-12-13,2025,12,December,4,13,Saturday,50
2025-12-14,2025,12,December,4,14,Sunday,50
2025-12-15,2025,12,December,4,15,Monday,51
2025-12-16,2025,12,December,4,16,Tuesday,51
2025-12-17,2025,12,December,4,17,Wednesday,51
2025-12-18,2025,12,December,4,18,Thursday,51
2025-12-19,2025,12,December,4,19,Friday,51
2025-12-20,2025,12,December,4,20,Saturday,51
2025-12-21,2025,12,December,4,21,Sunday,51
2025-12-22,2025,12,December,4,22,Monday,52
2025-12-23,2025,12,December,4,23,Tuesday,52
2025-12-24,2025,12,December,4,24,Wednesday,52
2025-12-25,2025,12,December,4,25,Thursday,52
2025-12-26,2025,12,December,4,26,Friday,52
2025-12-27,2025,12,December,4,27,Saturday,52
2025-12-28,2025,12,December,4,28,Sunday,52
2025-12-29,2025,12,December,4,29,Monday,1
2025-12-30,2025,12,December,4,30,Tuesday,1
2025-12-31,2025,12,December,4,31,Wednesday,1
